PID, Time, CPU %, Memory %, Memory Bytes, Virtual Memory Bytes, State
2019289, 11, 0.0, 0.0, 11068, 15052, R
2019289, 62, 0.0, 0.0, 32812, 504724, R
2019289, 112, 0.0, 0.1, 42424, 547372, R
2019289, 155, 0.0, 0.1, 53296, 564616, R
2019289, 191, 0.0, 0.1, 61200, 575988, R
2019289, 238, 0.0, 0.2, 70188, 587360, R
2019289, 290, 0.0, 0.2, 78960, 596304, R
2019289, 342, 0.0, 0.3, 107180, 824600, R
2019289, 388, 0.0, 0.3, 110724, 827708, R
2019289, 428, 0.0, 0.3, 113900, 830500, R
2019289, 480, 0.0, 0.3, 121028, 837600, R
2019289, 525, 0.0, 0.3, 121556, 838112, R
2019289, 573, 0.0, 0.3, 121556, 838244, R
2019289, 620, 0.0, 0.3, 122084, 838632, R
2019289, 666, 0.0, 0.3, 122348, 838796, R
2019289, 718, 0.0, 0.3, 122348, 838796, R
2019289, 762, 0.0, 0.3, 122348, 838796, R
2019289, 809, 0.0, 0.3, 122348, 838796, R
2019289, 860, 0.0, 0.3, 122348, 838796, R
2019289, 911, 0.0, 0.3, 122348, 838796, R
2019289, 959, 0.0, 0.3, 122348, 838796, R
2019289, 1006, 176, 0.3, 122348, 838796, R
2019289, 1056, 180, 0.3, 122348, 838796, R
2019289, 1105, 185, 0.3, 122348, 838796, R
2019289, 1152, 190, 0.3, 122348, 838796, R
2019289, 1202, 195, 0.3, 123556, 839052, R
2019289, 1247, 199, 0.3, 124964, 978596, S
2020066, 1247, 0.0, 0.2, 84608, 782244, R
2020065, 1247, 0.0, 0.2, 84416, 782244, R
2019289, 1325, 199, 0.3, 125172, 978852, S
2020066, 1325, 0.0, 0.2, 85148, 782244, R
2020065, 1325, 0.0, 0.2, 84960, 782244, R
2019289, 1395, 200, 0.3, 125460, 979108, S
2020066, 1395, 0.0, 0.2, 85148, 782244, R
2020065, 1395, 0.0, 0.2, 84960, 782244, R
2019289, 1465, 200, 0.3, 125724, 979108, S
2020066, 1465, 0.0, 0.2, 85148, 782244, R
2020065, 1465, 0.0, 0.2, 84960, 782244, R
2019289, 1539, 204, 0.3, 126332, 979340, R
2019289, 1583, 209, 0.3, 126332, 979340, R
2019289, 1634, 215, 0.3, 126332, 979364, R
2020386, 1634, 0.0, 0.2, 84924, 989452, R
2020385, 1634, 0.0, 0.2, 84052, 979584, R
2019289, 1710, 215, 0.3, 126444, 979364, S
2020386, 1710, 0.0, 0.3, 113560, 1033248, R
2020385, 1710, 0.0, 0.2, 87368, 979584, R
2019289, 1783, 215, 0.3, 126444, 979364, S
2020386, 1783, 0.0, 0.3, 116072, 1012456, R
2020385, 1783, 0.0, 0.3, 117128, 1033252, R
2019289, 1855, 215, 0.3, 126444, 979364, S
2020386, 1855, 0.0, 0.3, 116072, 1012456, R
2020385, 1855, 0.0, 0.3, 108320, 1001756, R
2019289, 1918, 215, 0.3, 126444, 979364, S
2020386, 1918, 0.0, 0.3, 116072, 1012456, R
2020385, 1918, 0.0, 0.3, 108320, 1001756, R
2019289, 1986, 107, 0.3, 126444, 979364, S
2020386, 1986, 34.0, 0.4, 137128, 1031788, R
2020385, 1986, 32.0, 0.3, 123544, 1015932, R
2019289, 2057, 107, 0.3, 126444, 979364, S
2020386, 2057, 41.0, 0.4, 142844, 1037588, R
2020385, 2057, 38.0, 0.3, 129880, 1022376, R
2019289, 2126, 107, 0.3, 126444, 979364, S
2020386, 2126, 48.0, 0.4, 148648, 1043388, R
2020385, 2126, 46.0, 0.4, 135160, 1027532, R
2019289, 2201, 107, 0.3, 126444, 979364, S
2020386, 2201, 56.0, 0.4, 154452, 1049184, R
2020385, 2201, 53.0, 0.3, 118528, 1012064, R
2019289, 2275, 107, 0.3, 126444, 979364, S
2020386, 2275, 63.0, 0.4, 159468, 1054984, R
2020385, 2275, 60.0, 0.3, 118528, 1012064, R
2019289, 2345, 107, 0.3, 126444, 979364, S
2020386, 2345, 70.0, 0.4, 131868, 1027920, R
2020385, 2345, 68.0, 0.3, 130128, 1022376, R
2019289, 2414, 107, 0.3, 126444, 979364, S
2020386, 2414, 77.0, 0.4, 131868, 1027920, R
2020385, 2414, 75.0, 0.4, 163384, 1055656, R
2019289, 2481, 107, 0.3, 126444, 979364, S
2020386, 2481, 84.0, 0.4, 148908, 1042740, R
2020385, 2481, 81.0, 0.5, 187672, 1084728, R
2019289, 2549, 107, 0.3, 126444, 979364, S
2020386, 2549, 90.0, 0.3, 122288, 1015676, R
2020385, 2549, 88.0, 0.6, 228764, 1125444, R
2019289, 2617, 107, 0.3, 126444, 979364, S
2020386, 2617, 98.0, 0.4, 153944, 1047524, R
2020385, 2617, 95.0, 0.7, 233252, 1125444, R
2019289, 2688, 107, 0.3, 126444, 979364, S
2020386, 2688, 104, 0.5, 186940, 1093748, R
2020385, 2688, 101, 0.6, 224276, 1115132, R
2019289, 2754, 107, 0.3, 126444, 979364, S
2020386, 2754, 111, 0.6, 221436, 1115108, R
2020385, 2754, 108, 0.6, 224276, 1115132, R
2019289, 2815, 107, 0.3, 126444, 979364, S
2020386, 2815, 118, 0.6, 221436, 1115108, R
2020385, 2815, 115, 0.8, 264136, 1170532, R
2019289, 2885, 107, 0.3, 126444, 979364, S
2020386, 2885, 125, 0.7, 250724, 1143944, R
2020385, 2885, 122, 0.9, 298032, 1204324, R
2019289, 2957, 107, 0.3, 126444, 979364, S
2020386, 2957, 131, 0.7, 253140, 1146064, R
2020385, 2957, 129, 0.8, 282472, 1173464, R
2019289, 3025, 71.6, 0.3, 126444, 979364, S
2020386, 3025, 69.0, 0.7, 239228, 1130596, R
2020385, 3025, 68.0, 0.8, 282472, 1173464, R
2019289, 3090, 71.6, 0.3, 126444, 979364, S
2020386, 3090, 72.5, 0.7, 239228, 1130596, R
2020385, 3090, 71.0, 0.9, 307024, 1224336, R
2019289, 3162, 71.6, 0.3, 126444, 979364, S
2020386, 3162, 76.0, 0.9, 299984, 1196424, R
2020385, 3162, 74.5, 1.0, 356844, 1274000, R
2019289, 3231, 71.6, 0.3, 126444, 979364, S
2020386, 3231, 80.0, 0.9, 313396, 1209736, R
2020385, 3231, 78.5, 1.0, 330368, 1247632, R
2019289, 3303, 71.6, 0.3, 126444, 979364, S
2020386, 3303, 83.0, 0.9, 313396, 1209736, R
2020385, 3303, 81.5, 0.8, 288148, 1200272, R
2019289, 3367, 71.6, 0.3, 126444, 979364, S
2020386, 3367, 86.5, 0.9, 313396, 1209736, R
2020385, 3367, 85.0, 0.8, 290196, 1204140, R
2019289, 3432, 71.6, 0.3, 126444, 979364, S
2020386, 3432, 89.5, 1.1, 391008, 1287304, R
2020385, 3432, 88.0, 0.8, 293824, 1204140, R
2019289, 3504, 71.6, 0.3, 126444, 979364, S
2020386, 3504, 93.0, 0.9, 315328, 1211784, R
2020385, 3504, 92.0, 0.9, 298436, 1209296, R
2019289, 3571, 71.6, 0.3, 126444, 979364, S
2020386, 3571, 96.5, 0.9, 312864, 1209224, R
2020385, 3571, 95.0, 0.9, 298436, 1214452, R
2019289, 3632, 71.6, 0.3, 126444, 979364, S
2020386, 3632, 99.5, 1.0, 349984, 1246344, R
2020385, 3632, 98.0, 0.9, 303384, 1214452, R
2019289, 3700, 71.6, 0.3, 126444, 979364, S
2020386, 3700, 103, 1.0, 353944, 1250440, R
2020385, 3700, 101, 0.9, 308528, 1219604, R
2019289, 3767, 71.6, 0.3, 126444, 979364, S
2020386, 3767, 106, 1.0, 353944, 1255592, R
2020385, 3767, 104, 0.9, 308528, 1224760, R
2019289, 3835, 71.6, 0.3, 126444, 979364, S
2020386, 3835, 109, 1.0, 353944, 1260748, R
2020385, 3835, 108, 0.9, 313212, 1224760, R
2019289, 3893, 71.6, 0.3, 126444, 979364, S
2020386, 3893, 112, 1.0, 353944, 1260748, R
2020385, 3893, 111, 0.9, 318356, 1229916, R
2019289, 3952, 71.6, 0.3, 126444, 979364, S
2020386, 3952, 115, 1.0, 353944, 1265904, R
2020385, 3952, 113, 0.9, 318356, 1229916, R
2019289, 4011, 53.7, 0.3, 126444, 979364, S
2020386, 4011, 79.0, 1.0, 353944, 1265904, R
2020385, 4011, 77.6, 0.9, 323568, 1235072, R
2019289, 4074, 53.7, 0.3, 126444, 979364, S
2020386, 4074, 81.0, 1.0, 359052, 1271060, R
2020385, 4074, 80.0, 1.0, 338880, 1255588, R
2019289, 4140, 53.7, 0.3, 126444, 979364, S
2020386, 4140, 83.3, 1.1, 364264, 1276216, R
2020385, 4140, 82.3, 1.1, 392340, 1303972, R
2019289, 4212, 53.7, 0.3, 126444, 979364, S
2020386, 4212, 85.6, 1.1, 364264, 1281368, R
2020385, 4212, 84.6, 1.5, 497728, 1404324, R
2019289, 4283, 53.7, 0.3, 126444, 979364, S
2020386, 4283, 88.0, 1.1, 369408, 1281368, R
2020385, 4283, 87.0, 1.4, 474992, 1381284, R
2019289, 4347, 53.7, 0.3, 126444, 979364, S
2020386, 4347, 90.3, 1.1, 374620, 1286524, R
2020385, 4347, 89.3, 1.6, 527900, 1434532, R
2019289, 4412, 53.7, 0.3, 126444, 979364, S
2020386, 4412, 92.6, 1.1, 379764, 1291680, R
2020385, 4412, 91.3, 1.7, 565624, 1472164, R
2019289, 4484, 53.7, 0.3, 126444, 979364, S
2020386, 4484, 95.0, 1.3, 427656, 1334176, R
2020385, 4484, 93.6, 1.6, 556732, 1452964, R
2019289, 4556, 53.7, 0.3, 126444, 979364, S
2020386, 4556, 97.0, 1.5, 503828, 1405344, R
2020385, 4556, 96.3, 1.2, 416948, 1307812, R
2019289, 4633, 53.7, 0.3, 126444, 979364, S
2020386, 4633, 99.6, 1.4, 490592, 1392032, R
2020385, 4633, 98.6, 1.3, 433312, 1324196, R
2019289, 4700, 53.7, 0.3, 126444, 979364, S
2020386, 4700, 102, 1.7, 566452, 1468064, R
2020385, 4700, 101, 1.5, 498784, 1389740, R
2019289, 4769, 53.7, 0.3, 126444, 979364, S
2020386, 4769, 104, 1.7, 575392, 1476768, R
2020385, 4769, 103, 1.4, 466104, 1356972, R
2019289, 4849, 53.7, 0.3, 126444, 979364, S
2020386, 4849, 106, 1.8, 592888, 1494176, R
2020385, 4849, 106, 1.4, 466104, 1356972, R
2019289, 4927, 53.7, 0.3, 126444, 979364, S
2020386, 4927, 109, 1.4, 479168, 1370088, R
2020385, 4927, 108, 1.4, 466104, 1356972, R
2019289, 4999, 43.0, 0.3, 126444, 979364, S
2020386, 4999, 84.0, 1.4, 479168, 1370088, R
2020385, 4999, 82.5, 1.4, 466104, 1356972, D
2019289, 5072, 43.0, 0.3, 126444, 979364, S
2020386, 5072, 85.7, 1.6, 537772, 1435632, R
2020385, 5072, 82.5, 1.4, 466104, 1356972, D
2019289, 5151, 43.0, 0.3, 126444, 979364, S
2020386, 5151, 87.7, 1.5, 512028, 1402864, R
2020385, 5151, 82.7, 1.4, 466104, 1356968, R
2019289, 5224, 43.0, 0.3, 126444, 979364, S
2020386, 5224, 89.7, 1.5, 512028, 1402864, R
2020385, 5224, 84.5, 0.6, 205260, 1143204, R
2019289, 5288, 43.0, 0.3, 126444, 979364, S
2020386, 5288, 91.2, 1.5, 512028, 1402864, R
2020385, 5288, 85.5, 0.3, 117140, 1007768, D
2019289, 5356, 43.0, 0.3, 126444, 979364, S
2020386, 5356, 92.5, 1.5, 512028, 1402864, D
2020385, 5356, 85.5, 0.3, 117140, 1007768, D
2019289, 5437, 43.0, 0.3, 126444, 979364, S
2020386, 5437, 92.5, 1.5, 512028, 1402864, D
2020385, 5437, 85.7, 0.3, 117140, 1007768, D
2019289, 5529, 43.0, 0.3, 126444, 979364, S
2020386, 5529, 94.0, 0.8, 265252, 1156072, R
2020385, 5529, 87.2, 0.4, 136820, 1044628, R
2019289, 5610, 43.0, 0.3, 126444, 979364, S
2020386, 5610, 96.2, 0.7, 232044, 1138892, R
2020385, 5610, 89.2, 0.4, 145000, 1044628, R
2019289, 5689, 43.0, 0.3, 126444, 979364, S
2020386, 5689, 98.0, 0.7, 241800, 1138892, R
2020385, 5689, 91.0, 0.4, 145000, 1044628, R
2019289, 5762, 43.0, 0.3, 126444, 979364, S
2020386, 5762, 99.7, 0.7, 241800, 1138892, R
2020385, 5762, 93.0, 0.4, 145000, 1044628, R
2019289, 5843, 43.0, 0.3, 126444, 979364, S
2020386, 5843, 102, 0.7, 241800, 1138892, R
2020385, 5843, 95.0, 0.4, 145000, 1044628, R
2019289, 5926, 43.0, 0.3, 126444, 979364, S
2020386, 5926, 104, 0.7, 241800, 1138892, R
2020385, 5926, 97.2, 0.4, 146848, 1060004, R
2019289, 6002, 35.8, 0.3, 126444, 979364, S
2020386, 6002, 84.6, 0.7, 247540, 1154500, R
2020385, 6002, 79.2, 0.4, 146848, 1060004, R
2019289, 6080, 35.8, 0.3, 126444, 979364, S
2020386, 6080, 86.4, 0.7, 247540, 1154500, R
2020385, 6080, 80.8, 0.4, 150944, 1060004, R
2019289, 6160, 35.8, 0.3, 126444, 979364, S
2020386, 6160, 87.8, 0.7, 252488, 1154500, R
2020385, 6160, 82.2, 0.5, 192316, 1096356, R
2019289, 6238, 35.8, 0.3, 126444, 979364, S
2020386, 6238, 89.6, 0.9, 297496, 1194436, R
2020385, 6238, 83.8, 0.6, 221024, 1121700, R
2019289, 6322, 35.8, 0.3, 126444, 979364, S
2020386, 6322, 91.2, 1.0, 339472, 1236164, R
2020385, 6322, 85.6, 0.7, 241088, 1141668, R
2019289, 6425, 35.8, 0.3, 126444, 979364, S
2020386, 6425, 93.2, 1.0, 339472, 1236164, R
2020385, 6425, 87.6, 0.6, 214088, 1104892, R
2019289, 6504, 35.8, 0.3, 126444, 979364, S
2020386, 6504, 94.8, 1.0, 339472, 1236164, R
2020385, 6504, 89.2, 0.6, 214088, 1104892, R
2019289, 6583, 35.8, 0.3, 126444, 979364, S
2020386, 6583, 96.6, 1.0, 343428, 1240260, R
2020385, 6583, 90.8, 0.9, 313088, 1229740, R
2019289, 6674, 35.8, 0.3, 126444, 979364, S
2020386, 6674, 98.2, 1.2, 413236, 1309892, R
2020385, 6674, 92.6, 0.8, 276916, 1193644, R
2019289, 6762, 35.8, 0.3, 126444, 979364, S
2020386, 6762, 100, 1.2, 413236, 1309892, R
2020385, 6762, 94.4, 0.8, 288792, 1193644, R
2019289, 6838, 35.8, 0.3, 126444, 979364, S
2020386, 6838, 101, 1.2, 413236, 1309892, R
2020385, 6838, 96.0, 0.8, 288792, 1203956, R
2019289, 6934, 35.8, 0.3, 126444, 979364, S
2020386, 6934, 103, 1.6, 557960, 1454788, R
2020385, 6934, 97.8, 1.2, 423952, 1339124, R
2019289, 7022, 30.7, 0.3, 126444, 979364, S
2020386, 7022, 87.6, 1.4, 463652, 1360324, R
2020385, 7022, 83.0, 1.1, 362536, 1277428, R
2019289, 7100, 30.7, 0.3, 126444, 979364, S
2020386, 7100, 88.8, 1.6, 556316, 1452740, R
2020385, 7100, 84.3, 1.1, 362536, 1277428, R
2019289, 7188, 30.7, 0.3, 126444, 979364, S
2020386, 7188, 90.5, 1.6, 543804, 1439940, R
2020385, 7188, 85.6, 1.4, 483444, 1398516, R
2019289, 7274, 30.7, 0.3, 126444, 979364, S
2020386, 7274, 91.8, 1.6, 552824, 1448900, R
2020385, 7274, 87.1, 1.3, 435216, 1350132, R
2019289, 7365, 30.7, 0.3, 126444, 979364, S
2020386, 7365, 93.3, 1.4, 480120, 1376196, R
2020385, 7365, 88.6, 1.5, 499264, 1414388, R
2019289, 7447, 30.7, 0.3, 126444, 979364, S
2020386, 7447, 94.6, 1.4, 480120, 1376196, R
2020385, 7447, 90.0, 1.4, 470992, 1385972, R
2019289, 7513, 30.7, 0.3, 126444, 979364, S
2020386, 7513, 95.8, 1.6, 545588, 1441740, R
2020385, 7513, 91.0, 1.5, 501904, 1416692, R
2019289, 7576, 30.7, 0.3, 126444, 979364, S
2020386, 7576, 96.8, 1.5, 512892, 1408972, R
2020385, 7576, 92.1, 1.3, 431140, 1332468, R
2019289, 7642, 30.7, 0.3, 126444, 979364, S
2020386, 7642, 98.0, 1.5, 512892, 1408972, R
2020385, 7642, 93.3, 1.1, 379940, 1281012, R
2019289, 7712, 30.7, 0.3, 126444, 979364, S
2020386, 7712, 99.1, 1.5, 512892, 1408972, R
2020385, 7712, 94.5, 1.3, 429832, 1346556, R
2019289, 7783, 30.7, 0.3, 126444, 979364, S
2020386, 7783, 100, 1.5, 512892, 1408972, D
2020385, 7783, 95.5, 1.2, 412712, 1313788, R
2019289, 7853, 30.7, 0.3, 126444, 979364, S
2020386, 7853, 100, 1.5, 512892, 1408972, D
2020385, 7853, 96.8, 1.2, 412712, 1313788, R
2019289, 7919, 30.7, 0.3, 126444, 979364, S
2020386, 7919, 100, 1.5, 512892, 1408972, D
2020385, 7919, 97.8, 1.2, 412712, 1313788, R
2019289, 7987, 26.8, 0.3, 126444, 979364, S
2020386, 7987, 86.0, 1.5, 512892, 1408972, D
2020385, 7987, 84.4, 1.2, 412712, 1313788, D
2019289, 8064, 26.8, 0.3, 126444, 979364, S
2020386, 8064, 86.1, 1.5, 512892, 1408972, D
2020385, 8064, 84.5, 1.2, 412712, 1313788, D
2019289, 8146, 26.8, 0.3, 126444, 979364, S
2020386, 8146, 86.2, 1.5, 512892, 1408972, D
2020385, 8146, 84.5, 1.2, 412712, 1313788, D
2019289, 8229, 26.8, 0.3, 126444, 979364, S
2020386, 8229, 87.1, 0.8, 287096, 1183172, R
2020385, 8229, 85.5, 0.5, 183088, 1084404, R
2019289, 8316, 26.8, 0.3, 126444, 979364, S
2020386, 8316, 88.2, 0.3, 124408, 1014180, R
2020385, 8316, 86.7, 0.4, 140508, 1044884, R
2019289, 8395, 26.8, 0.3, 126444, 979364, S
2020386, 8395, 89.1, 0.3, 124412, 1014180, R
2020385, 8395, 87.8, 0.4, 140508, 1044884, R
2019289, 8474, 26.8, 0.3, 126444, 979364, S
2020386, 8474, 90.0, 0.3, 124472, 1014184, D
2020385, 8474, 88.8, 0.4, 140508, 1044884, R
2019289, 8538, 26.8, 0.3, 126444, 979364, S
2020386, 8538, 90.7, 0.4, 141364, 1046948, R
2020385, 8538, 89.8, 0.4, 140508, 1044884, R
2019289, 8612, 26.8, 0.3, 126444, 979364, S
2020386, 8612, 91.8, 0.4, 141628, 1046948, R
2020385, 8612, 91.0, 0.4, 140508, 1044884, R
2019289, 8687, 26.8, 0.3, 126444, 979364, S
2020386, 8687, 92.8, 0.4, 141628, 1047204, R
2020385, 8687, 92.0, 0.5, 181892, 1084308, R
2019289, 8763, 26.8, 0.3, 126444, 979364, S
2020386, 8763, 94.0, 0.4, 151396, 1047716, R
2020385, 8763, 92.8, 0.4, 142140, 1044372, R
2019289, 8828, 26.8, 0.3, 126444, 979364, S
2020386, 8828, 95.0, 0.4, 151396, 1047716, R
2020385, 8828, 93.8, 0.4, 145040, 1046420, R
2019289, 8906, 26.8, 0.3, 126444, 979364, S
2020386, 8906, 96.0, 0.4, 151396, 1047716, R
2020385, 8906, 94.8, 0.4, 145304, 1046676, R
2019289, 8975, 26.8, 0.3, 126444, 979364, S
2020386, 8975, 97.0, 0.4, 151396, 1047716, R
2020385, 8975, 95.7, 0.4, 147416, 1047700, R
2019289, 9040, 23.8, 0.3, 126444, 979364, S
2020386, 9040, 85.7, 0.4, 151396, 1047716, R
2020385, 9040, 84.7, 0.4, 147416, 1047700, R
2019289, 9115, 23.8, 0.3, 126444, 979364, S
2020386, 9115, 86.6, 0.4, 157400, 1064904, R
2020385, 9115, 85.5, 0.4, 150584, 1047700, R
2019289, 9188, 23.8, 0.3, 126444, 979364, S
2020386, 9188, 87.5, 0.4, 157400, 1064904, R
2020385, 9188, 86.3, 0.4, 150584, 1047700, R
2019289, 9254, 23.8, 0.3, 126444, 979364, S
2020386, 9254, 88.3, 0.4, 157400, 1064904, R
2020385, 9254, 87.2, 0.4, 150584, 1047700, R
2019289, 9329, 23.8, 0.3, 126444, 979364, S
2020386, 9329, 89.2, 0.4, 157400, 1064904, R
2020385, 9329, 88.1, 0.4, 151376, 1047700, R
2019289, 9399, 23.8, 0.3, 126444, 979364, S
2020386, 9399, 90.1, 0.8, 273824, 1181156, R
2020385, 9399, 89.1, 0.4, 154528, 1045456, R
2019289, 9469, 23.8, 0.3, 126444, 979364, S
2020386, 9469, 91.0, 0.6, 207312, 1114568, R
2020385, 9469, 90.0, 0.4, 154528, 1045456, R
2019289, 9541, 23.8, 0.3, 126444, 979364, S
2020386, 9541, 91.8, 0.7, 240308, 1147592, R
2020385, 9541, 90.8, 0.4, 154528, 1053608, R
2019289, 9615, 23.8, 0.3, 126444, 979364, S
2020386, 9615, 92.8, 0.8, 273308, 1180872, R
2020385, 9615, 91.8, 0.6, 225984, 1145284, R
2019289, 9690, 23.8, 0.3, 126444, 979364, S
2020386, 9690, 93.7, 0.8, 277464, 1180872, R
2020385, 9690, 92.7, 0.6, 204292, 1103272, R
2019289, 9757, 23.8, 0.3, 126444, 979364, S
2020386, 9757, 94.6, 0.7, 248904, 1138808, R
2020385, 9757, 93.6, 0.7, 237288, 1136296, R
2019289, 9830, 23.8, 0.3, 126444, 979364, S
2020386, 9830, 95.3, 0.7, 251012, 1140856, R
2020385, 9830, 94.5, 0.7, 257352, 1155496, R
2019289, 9901, 23.8, 0.3, 126444, 979364, S
2020386, 9901, 96.3, 0.7, 255500, 1145464, R
2020385, 9901, 95.3, 0.8, 266852, 1157576, R
2019289, 9977, 23.8, 0.3, 126444, 979364, S
2020386, 9977, 86.4, 0.7, 260252, 1150328, R
2020385, 9977, 85.5, 0.8, 266348, 1157064, R
2019289, 10048, 21.5, 0.3, 126444, 979364, S
2020386, 10048, 87.3, 0.8, 265004, 1154936, R
2020385, 10048, 86.4, 0.8, 268720, 1159624, R
2019289, 10113, 21.5, 0.3, 126444, 979364, S
2020386, 10113, 88.1, 0.8, 269756, 1159800, R
2020385, 10113, 87.1, 0.8, 273208, 1164232, R
2019289, 10185, 21.5, 0.3, 126444, 979364, S
2020386, 10185, 88.7, 0.8, 274244, 1164152, R
2020385, 10185, 87.8, 0.8, 277696, 1168584, R
2019289, 10256, 21.5, 0.3, 126444, 979364, S
2020386, 10256, 89.6, 0.8, 278996, 1169016, R
2020385, 10256, 88.6, 0.8, 282448, 1173192, R
2019289, 10325, 21.5, 0.3, 126444, 979364, S
2020386, 10325, 90.3, 0.8, 283748, 1173624, R
2020385, 10325, 89.4, 0.8, 286936, 1177800, R
2019289, 10393, 21.5, 0.3, 126444, 979364, S
2020386, 10393, 91.1, 0.8, 287444, 1177464, R
2020385, 10393, 90.2, 0.8, 291160, 1182152, R
2019289, 10457, 21.5, 0.3, 126444, 979364, S
2020386, 10457, 91.8, 0.8, 291932, 1182072, R
2020385, 10457, 90.8, 0.9, 295648, 1186504, R
2019289, 10526, 21.5, 0.3, 126444, 979364, S
2020386, 10526, 92.6, 0.9, 296948, 1186936, R
2020385, 10526, 91.7, 0.9, 300400, 1191368, R
2019289, 10605, 21.5, 0.3, 126444, 979364, S
2020386, 10605, 93.4, 0.9, 301964, 1191800, R
2020385, 10605, 92.5, 0.9, 305152, 1196232, R
2019289, 10671, 21.5, 0.3, 126444, 979364, S
2020386, 10671, 94.2, 1.1, 364260, 1270564, R
2020385, 10671, 93.3, 0.9, 309376, 1200328, R
2019289, 10737, 21.5, 0.3, 126444, 979364, S
2020386, 10737, 94.8, 0.9, 323840, 1230116, R
2020385, 10737, 94.0, 0.9, 313600, 1204424, R
2019289, 10798, 21.5, 0.3, 126444, 979364, S
2020386, 10798, 95.6, 0.9, 323840, 1230116, R
2020385, 10798, 94.7, 0.9, 317560, 1208520, R
2019289, 10869, 21.5, 0.3, 126444, 979364, S
2020386, 10869, 96.4, 1.1, 376372, 1282596, R
2020385, 10869, 95.5, 0.9, 321256, 1212104, R
2019289, 10941, 21.5, 0.3, 126444, 979364, S
2020386, 10941, 97.3, 1.0, 347832, 1253924, R
2020385, 10941, 96.3, 1.2, 396376, 1287112, R
2019289, 11010, 19.5, 0.3, 126444, 979364, S
2020386, 11010, 88.2, 1.0, 329116, 1235236, R
2020385, 11010, 87.4, 1.0, 341336, 1232072, R
2019289, 11073, 19.5, 0.3, 126444, 979364, S
2020386, 11073, 88.9, 1.0, 329116, 1235236, R
2020385, 11073, 88.0, 1.0, 341336, 1232072, R
2019289, 11142, 19.5, 0.3, 126444, 979364, S
2020386, 11142, 89.6, 1.0, 329116, 1235236, R
2020385, 11142, 88.8, 1.3, 452476, 1343432, R
2019289, 11223, 19.5, 0.3, 126444, 979364, S
2020386, 11223, 90.4, 1.0, 334788, 1239312, R
2020385, 11223, 89.6, 1.2, 398808, 1289672, R
2019289, 11294, 19.5, 0.3, 126444, 979364, S
2020386, 11294, 91.1, 1.0, 337092, 1243384, R
2020385, 11294, 90.3, 1.0, 347384, 1238216, R
2019289, 11362, 19.5, 0.3, 126444, 979364, S
2020386, 11362, 91.8, 1.0, 341248, 1247460, R
2020385, 11362, 90.9, 1.1, 362948, 1253832, R
2019289, 11435, 19.5, 0.3, 126444, 979364, S
2020386, 11435, 92.5, 1.0, 341248, 1251532, R
2020385, 11435, 91.6, 1.1, 379844, 1270728, R
2019289, 11508, 19.5, 0.3, 126444, 979364, S
2020386, 11508, 93.2, 1.0, 345140, 1251532, R
2020385, 11508, 92.4, 1.1, 379844, 1270728, R
2019289, 11578, 19.5, 0.3, 126444, 979364, S
2020386, 11578, 93.9, 1.0, 349296, 1255608, R
2020385, 11578, 93.1, 1.1, 379844, 1270728, R
2019289, 11648, 19.5, 0.3, 126444, 979364, S
2020386, 11648, 94.7, 1.0, 353452, 1259684, R
2020385, 11648, 93.8, 1.1, 379844, 1270728, R
2019289, 11719, 19.5, 0.3, 126444, 979364, S
2020386, 11719, 95.3, 1.2, 394936, 1297036, R
2020385, 11719, 94.5, 1.1, 379844, 1270728, R
2019289, 11791, 19.5, 0.3, 126444, 979364, S
2020386, 11791, 96.1, 1.4, 488888, 1386892, R
2020385, 11791, 95.2, 1.1, 379844, 1270728, R
2019289, 11863, 19.5, 0.3, 126444, 979364, S
2020386, 11863, 96.8, 1.5, 498288, 1396620, R
2020385, 11863, 96.0, 1.1, 379844, 1270728, R
2019289, 11940, 19.5, 0.3, 126444, 979364, S
2020386, 11940, 97.5, 1.7, 558488, 1456524, R
2020385, 11940, 96.7, 1.1, 380372, 1273228, R
2019289, 12010, 17.9, 0.3, 126444, 979364, S
2020386, 12010, 89.2, 1.7, 582540, 1480844, R
2020385, 12010, 88.4, 1.1, 380900, 1277304, R
2019289, 12077, 17.9, 0.3, 126444, 979364, S
2020386, 12077, 89.8, 1.7, 575500, 1465464, R
2020385, 12077, 89.0, 1.2, 414428, 1314404, R
2019289, 12162, 17.9, 0.3, 126444, 979364, S
2020386, 12162, 90.6, 1.3, 442948, 1332836, R
2020385, 12162, 89.9, 1.4, 484312, 1382244, R
2019289, 12228, 17.9, 0.3, 126444, 979364, S
2020386, 12228, 91.1, 1.3, 459312, 1349220, R
2020385, 12228, 90.4, 1.3, 438732, 1336676, R
2019289, 12293, 17.9, 0.3, 126444, 979364, S
2020386, 12293, 91.8, 1.4, 475680, 1365604, R
2020385, 12293, 91.0, 1.8, 611384, 1509220, R
2019289, 12364, 17.9, 0.3, 126444, 979364, S
2020386, 12364, 92.4, 1.4, 475680, 1365608, R
2020385, 12364, 91.8, 1.8, 591824, 1489764, R
2019289, 12438, 17.9, 0.3, 126444, 979364, S
2020386, 12438, 93.1, 1.4, 475680, 1365608, R
2020385, 12438, 92.4, 1.8, 592808, 1490788, R
2019289, 12516, 17.9, 0.3, 126444, 979364, S
2020386, 12516, 93.8, 1.4, 475680, 1365608, D
2020385, 12516, 93.1, 1.4, 490580, 1381436, R
2019289, 12584, 17.9, 0.3, 126444, 979364, S
2020386, 12584, 93.9, 1.4, 475680, 1365608, D
2020385, 12584, 93.7, 1.4, 475200, 1366076, R
2019289, 12650, 17.9, 0.3, 126444, 979364, S
2020386, 12650, 93.9, 1.4, 475680, 1365608, D
2020385, 12650, 94.4, 1.4, 491568, 1382464, R
2019289, 12719, 17.9, 0.3, 126444, 979364, S
2020386, 12719, 93.9, 1.4, 475716, 1365604, R
2020385, 12719, 95.0, 1.4, 491568, 1382464, R
2019289, 12782, 17.9, 0.3, 126444, 979364, S
2020386, 12782, 94.5, 0.6, 201000, 1098256, R
2020385, 12782, 95.5, 1.4, 491568, 1382464, R
2019289, 12850, 17.9, 0.3, 126444, 979364, S
2020386, 12850, 95.1, 0.6, 213560, 1122832, R
2020385, 12850, 96.1, 1.4, 491568, 1382464, D
2019289, 12926, 17.9, 0.3, 126444, 979364, S
2020386, 12926, 95.8, 0.6, 213560, 1122832, R
2020385, 12926, 96.1, 1.4, 491568, 1382464, D
2019289, 12996, 16.5, 0.3, 126444, 979364, S
2020386, 12996, 88.5, 0.6, 220424, 1122832, R
2020385, 12996, 88.2, 1.4, 491568, 1382464, D
2019289, 13073, 16.5, 0.3, 126444, 979364, S
2020386, 13073, 89.1, 0.6, 220424, 1122832, R
2020385, 13073, 88.4, 1.2, 426324, 1317180, R
2019289, 13143, 16.5, 0.3, 126444, 979364, S
2020386, 13143, 89.7, 0.6, 220688, 1122832, R
2020385, 13143, 89.0, 0.6, 211324, 1121256, R
2019289, 13210, 16.5, 0.3, 126444, 979364, S
2020386, 13210, 90.3, 0.6, 220688, 1122832, R
2020385, 13210, 89.5, 0.6, 211588, 1121256, R
2019289, 13277, 16.5, 0.3, 126444, 979364, S
2020386, 13277, 90.8, 0.6, 225968, 1122832, R
2020385, 13277, 90.1, 0.6, 211588, 1121256, R
2019289, 13344, 16.5, 0.3, 126444, 979364, S
2020386, 13344, 91.3, 0.6, 226760, 1122832, R
2020385, 13344, 90.6, 0.5, 185920, 1076200, R
2019289, 13409, 16.5, 0.3, 126444, 979364, S
2020386, 13409, 92.0, 0.6, 224512, 1114444, R
2020385, 13409, 91.2, 0.5, 193840, 1084348, R
2019289, 13479, 16.5, 0.3, 126444, 979364, S
2020386, 13479, 92.5, 0.6, 224512, 1114444, R
2020385, 13479, 91.8, 0.6, 199024, 1089440, R
2019289, 13549, 16.5, 0.3, 126444, 979364, S
2020386, 13549, 93.0, 0.6, 224512, 1114444, R
2020385, 13549, 92.4, 0.6, 204568, 1115416, R
2019289, 13612, 16.5, 0.3, 126444, 979364, S
2020386, 13612, 93.6, 0.5, 191844, 1085752, R
2020385, 13612, 92.9, 0.6, 204568, 1115416, R
2019289, 13685, 16.5, 0.3, 126444, 979364, S
2020386, 13685, 94.2, 0.8, 287144, 1181524, R
2020385, 13685, 93.5, 0.3, 130800, 1037376, R
2019289, 13748, 16.5, 0.3, 126444, 979364, S
2020386, 13748, 94.8, 0.7, 239732, 1133880, R
2020385, 13748, 94.0, 0.6, 197588, 1129052, R
2019289, 13819, 16.5, 0.3, 126444, 979364, S
2020386, 13819, 95.3, 0.8, 272728, 1166904, R
2020385, 13819, 94.6, 0.5, 178120, 1084736, R
2019289, 13888, 16.5, 0.3, 126444, 979364, S
2020386, 13888, 95.9, 0.9, 305728, 1199928, R
2020385, 13888, 95.2, 0.6, 225108, 1117760, R
2019289, 13958, 16.5, 0.3, 126444, 979364, S
2020386, 13958, 96.5, 0.9, 305728, 1199928, R
2020385, 13958, 95.8, 0.7, 231180, 1121880, R
2019289, 14028, 15.3, 0.3, 126444, 979364, S
2020386, 14028, 89.6, 0.9, 305728, 1199928, R
2020385, 14028, 89.0, 0.7, 231444, 1121880, R
2019289, 14099, 15.3, 0.3, 126444, 979364, S
2020386, 14099, 90.1, 0.8, 266344, 1156128, R
2020385, 14099, 89.5, 0.7, 239832, 1131180, R
2019289, 14168, 15.3, 0.3, 126444, 979364, S
2020386, 14168, 90.6, 0.8, 269508, 1159456, R
2020385, 14168, 90.0, 0.7, 253556, 1143460, R
2019289, 14233, 15.3, 0.3, 126444, 979364, S
2020386, 14233, 91.2, 0.8, 273996, 1164064, R
2020385, 14233, 90.5, 0.7, 253556, 1143460, R
2019289, 14302, 15.3, 0.3, 126444, 979364, S
2020386, 14302, 91.6, 0.8, 278484, 1168416, R
2020385, 14302, 91.0, 0.7, 253556, 1143460, R
2019289, 14366, 15.3, 0.3, 126444, 979364, S
2020386, 14366, 92.2, 0.8, 282708, 1172512, R
2020385, 14366, 91.5, 0.7, 256384, 1146532, R
2019289, 14431, 15.3, 0.3, 126444, 979364, S
2020386, 14431, 92.7, 0.8, 287196, 1177120, R
2020385, 14431, 92.0, 0.7, 260608, 1150884, R
2019289, 14497, 15.3, 0.3, 126444, 979364, S
2020386, 14497, 93.2, 0.8, 291420, 1181472, R
2020385, 14497, 92.6, 0.8, 264832, 1154980, R
2019289, 14566, 15.3, 0.3, 126444, 979364, S
2020386, 14566, 93.7, 0.9, 295908, 1185824, R
2020385, 14566, 93.1, 0.8, 269056, 1159076, R
2019289, 14629, 15.3, 0.3, 126444, 979364, S
2020386, 14629, 94.3, 0.9, 300396, 1190176, R
2020385, 14629, 93.6, 0.8, 272752, 1162916, R
2019289, 14698, 15.3, 0.3, 126444, 979364, S
2020386, 14698, 94.7, 0.9, 304884, 1194784, R
2020385, 14698, 94.1, 0.8, 277240, 1167268, R
2019289, 14763, 15.3, 0.3, 126444, 979364, S
2020386, 14763, 95.2, 0.9, 309108, 1198880, R
2020385, 14763, 94.6, 0.8, 280936, 1171108, R
2019289, 14824, 15.3, 0.3, 126444, 979364, S
2020386, 14824, 95.6, 0.9, 313332, 1203232, R
2020385, 14824, 95.0, 0.8, 284896, 1174948, R
2019289, 14892, 15.3, 0.3, 126444, 979364, S
2020386, 14892, 96.1, 0.9, 317556, 1207584, R
2020385, 14892, 95.6, 0.8, 289120, 1179300, R
2019289, 14959, 15.3, 0.3, 126444, 979364, S
2020386, 14959, 96.7, 1.0, 346596, 1236768, R
2020385, 14959, 96.1, 0.8, 293344, 1183396, R
2019289, 15022, 14.3, 0.3, 126444, 979364, S
2020386, 15022, 90.2, 1.1, 363068, 1252896, R
2020385, 15022, 89.7, 0.9, 297568, 1187748, R
2019289, 15092, 14.3, 0.3, 126444, 979364, S
2020386, 15092, 90.7, 1.0, 341308, 1231136, R
2020385, 15092, 90.2, 0.9, 302056, 1192100, R
2019289, 15157, 14.3, 0.3, 126444, 979364, S
2020386, 15157, 91.2, 1.1, 361104, 1251104, R
2020385, 15157, 90.6, 0.9, 306280, 1196196, R
2019289, 15227, 14.3, 0.3, 126444, 979364, S
2020386, 15227, 91.7, 1.3, 430076, 1319968, R
2020385, 15227, 91.1, 1.0, 342184, 1232548, R
2019289, 15296, 14.3, 0.3, 126444, 979364, S
2020386, 15296, 92.2, 1.2, 396000, 1285920, R
2020385, 15296, 91.7, 1.1, 383128, 1273252, R
2019289, 15364, 14.3, 0.3, 126444, 979364, S
2020386, 15364, 92.7, 1.0, 346336, 1236256, R
2020385, 15364, 92.1, 1.0, 328344, 1218468, R
2019289, 15427, 14.3, 0.3, 126444, 979364, S
2020386, 15427, 93.2, 1.0, 346336, 1239312, R
2020385, 15427, 92.5, 1.0, 328344, 1218468, R
2019289, 15499, 14.3, 0.3, 126444, 979364, S
2020386, 15499, 93.7, 1.0, 346336, 1239312, R
2020385, 15499, 93.1, 1.2, 400676, 1290916, R
2019289, 15564, 14.3, 0.3, 126444, 979364, S
2020386, 15564, 94.1, 1.0, 346336, 1243384, R
2020385, 15564, 93.5, 1.2, 412240, 1302180, R
2019289, 15627, 14.3, 0.3, 126444, 979364, S
2020386, 15627, 94.6, 1.0, 346336, 1243384, R
2020385, 15627, 94.0, 1.0, 358720, 1248932, R
2019289, 15697, 14.3, 0.3, 126444, 979364, S
2020386, 15697, 95.1, 1.0, 346336, 1247460, R
2020385, 15697, 94.5, 1.0, 334144, 1224100, R
2019289, 15765, 14.3, 0.3, 126444, 979364, S
2020386, 15765, 95.6, 1.0, 346336, 1251532, R
2020385, 15765, 95.0, 1.0, 345752, 1235876, R
2019289, 15837, 14.3, 0.3, 126444, 979364, S
2020386, 15837, 96.1, 1.0, 349168, 1255608, R
2020385, 15837, 95.5, 1.2, 414912, 1304996, R
2019289, 15909, 14.3, 0.3, 126444, 979364, S
2020386, 15909, 96.6, 1.0, 353324, 1259684, R
2020385, 15909, 96.0, 1.5, 495200, 1385380, R
2019289, 15977, 14.3, 0.3, 126444, 979364, S
2020386, 15977, 90.6, 1.0, 357216, 1263756, R
2020385, 15977, 90.0, 1.6, 556772, 1447076, R
2019289, 16047, 13.4, 0.3, 126444, 979364, S
2020386, 16047, 91.1, 1.1, 368764, 1275256, R
2020385, 16047, 90.5, 1.8, 605268, 1495204, R
2019289, 16114, 13.4, 0.3, 126444, 979364, S
2020386, 16114, 91.5, 1.2, 421536, 1323896, R
2020385, 16114, 91.0, 1.5, 514132, 1404068, R
2019289, 16179, 13.4, 0.3, 126444, 979364, S
2020386, 16179, 92.0, 1.4, 470292, 1368696, R
2020385, 16179, 91.4, 1.1, 384084, 1274020, R
2019289, 16249, 13.4, 0.3, 126444, 979364, S
2020386, 16249, 92.5, 1.7, 578272, 1476472, R
2020385, 16249, 92.0, 1.1, 384084, 1274020, R
2019289, 16324, 13.4, 0.3, 126444, 979364, S
2020386, 16324, 92.9, 1.9, 634412, 1532536, R
2020385, 16324, 92.4, 1.1, 384084, 1274024, R
2019289, 16389, 13.4, 0.3, 126444, 979364, S
2020386, 16389, 93.4, 2.0, 675456, 1573752, R
2020385, 16389, 92.8, 1.1, 384084, 1274024, R
2019289, 16458, 13.4, 0.3, 126444, 979364, S
2020386, 16458, 93.8, 1.7, 564276, 1454156, R
2020385, 16458, 93.3, 1.1, 384084, 1274024, R
2019289, 16530, 13.4, 0.3, 126444, 979364, S
2020386, 16530, 94.4, 1.3, 446772, 1336652, R
2020385, 16530, 93.7, 1.1, 384084, 1274024, D
2019289, 16609, 13.4, 0.3, 126444, 979364, S
2020386, 16609, 94.8, 1.4, 479504, 1369420, R
2020385, 16609, 93.7, 1.1, 384084, 1274024, D
2019289, 16677, 13.4, 0.3, 126444, 979364, S
2020386, 16677, 95.2, 1.4, 479504, 1369424, R
2020385, 16677, 93.8, 1.1, 384084, 1274024, D
2019289, 16744, 13.4, 0.3, 126444, 979364, S
2020386, 16744, 95.8, 1.4, 479504, 1369424, R
2020385, 16744, 94.0, 1.0, 336480, 1226404, R
2019289, 16810, 13.4, 0.3, 126444, 979364, S
2020386, 16810, 96.2, 1.4, 479504, 1369424, R
2020385, 16810, 94.5, 0.3, 127460, 1017236, R
2019289, 16882, 13.4, 0.3, 126444, 979364, S
2020386, 16882, 96.2, 1.4, 479504, 1369424, D
2020385, 16882, 94.9, 0.4, 142496, 1048000, R
2019289, 16955, 13.4, 0.3, 126444, 979364, S
2020386, 16955, 96.3, 1.4, 479504, 1369424, D
2020385, 16955, 95.4, 0.4, 142496, 1048000, R
2019289, 17025, 12.6, 0.3, 126444, 979364, S
2020386, 17025, 90.3, 1.4, 479504, 1369424, D
2020385, 17025, 89.9, 0.4, 144608, 1048000, R
2019289, 17096, 12.6, 0.3, 126444, 979364, S
2020386, 17096, 90.7, 0.6, 213648, 1127928, R
2020385, 17096, 90.3, 0.4, 144608, 1048000, R
2019289, 17164, 12.6, 0.3, 126444, 979364, S
2020386, 17164, 91.1, 0.6, 218656, 1127928, R
2020385, 17164, 90.7, 0.4, 147512, 1048000, R
2019289, 17237, 12.6, 0.3, 126444, 979364, S
2020386, 17237, 91.5, 0.6, 218656, 1127928, R
2020385, 17237, 91.1, 0.4, 147512, 1048000, R
2019289, 17303, 12.6, 0.3, 126444, 979364, S
2020386, 17303, 92.0, 0.6, 227896, 1127928, R
2020385, 17303, 91.6, 0.4, 147512, 1048000, R
2019289, 17368, 12.6, 0.3, 126444, 979364, S
2020386, 17368, 92.4, 0.6, 227896, 1127928, R
2020385, 17368, 92.0, 0.4, 147512, 1048000, R
2019289, 17439, 12.6, 0.3, 126444, 979364, S
2020386, 17439, 92.8, 0.7, 231592, 1127928, R
2020385, 17439, 92.4, 0.7, 231200, 1139676, R
2019289, 17513, 12.6, 0.3, 126444, 979364, S
2020386, 17513, 93.3, 0.7, 231592, 1127928, R
2020385, 17513, 92.9, 0.5, 195732, 1096128, R
2019289, 17579, 12.6, 0.3, 126444, 979364, S
2020386, 17579, 93.7, 0.7, 231592, 1127928, R
2020385, 17579, 93.3, 0.6, 228728, 1129152, R
2019289, 17644, 12.6, 0.3, 126444, 979364, S
2020386, 17644, 94.1, 0.7, 231856, 1127928, R
2020385, 17644, 93.7, 0.7, 234800, 1129152, R
2019289, 17712, 12.6, 0.3, 126444, 979364, S
2020386, 17712, 94.5, 0.7, 239904, 1146136, R
2020385, 17712, 94.1, 0.7, 235064, 1129152, R
2019289, 17771, 12.6, 0.3, 126444, 979364, S
2020386, 17771, 94.9, 0.7, 239904, 1146136, R
2020385, 17771, 94.5, 0.7, 238232, 1132480, R
2019289, 17838, 12.6, 0.3, 126444, 979364, S
2020386, 17838, 95.3, 0.6, 218656, 1127928, R
2020385, 17838, 94.9, 0.7, 246084, 1136200, R
2019289, 17906, 12.6, 0.3, 126444, 979364, S
2020386, 17906, 95.8, 0.6, 218656, 1127928, R
2020385, 17906, 95.3, 0.7, 259012, 1149244, R
2019289, 17972, 12.6, 0.3, 126444, 979364, S
2020386, 17972, 90.5, 0.6, 218656, 1127928, R
2020385, 17972, 90.1, 0.7, 259276, 1149244, R
2019289, 18040, 11.9, 0.3, 126444, 979364, S
2020386, 18040, 90.9, 0.6, 227896, 1127928, R
2020385, 18040, 90.5, 0.7, 260596, 1150780, R
2019289, 18103, 11.9, 0.3, 126444, 979364, S
2020386, 18103, 91.2, 0.6, 227896, 1127928, R
2020385, 18103, 90.9, 0.8, 264820, 1154876, R
2019289, 18170, 11.9, 0.3, 126444, 979364, S
2020386, 18170, 91.7, 0.7, 231592, 1127928, R
2020385, 18170, 91.3, 0.8, 269308, 1159484, R
2019289, 18238, 11.9, 0.3, 126444, 979364, S
2020386, 18238, 92.0, 0.7, 231592, 1127928, R
2020385, 18238, 91.7, 0.8, 273268, 1163324, R
2019289, 18300, 11.9, 0.3, 126444, 979364, S
2020386, 18300, 92.4, 0.7, 231592, 1127928, R
2020385, 18300, 92.1, 0.8, 277492, 1167676, R
2019289, 18370, 11.9, 0.3, 126444, 979364, S
2020386, 18370, 92.8, 0.7, 231856, 1127928, R
2020385, 18370, 92.5, 0.8, 281980, 1172028, R
2019289, 18439, 11.9, 0.3, 126444, 979364, S
2020386, 18439, 93.2, 0.7, 237800, 1142060, R
2020385, 18439, 92.8, 0.8, 286204, 1176380, R
2019289, 18499, 11.9, 0.3, 126444, 979364, S
2020386, 18499, 93.6, 0.7, 237800, 1142060, R
2020385, 18499, 93.2, 0.8, 290164, 1180220, R
2019289, 18560, 11.9, 0.3, 126444, 979364, S
2020386, 18560, 94.0, 0.7, 237800, 1142060, R
2020385, 18560, 93.6, 0.8, 294124, 1184316, R
2019289, 18625, 11.9, 0.3, 126444, 979364, S
2020386, 18625, 94.4, 0.9, 303792, 1233736, R
2020385, 18625, 94.0, 0.9, 298612, 1188668, R
2019289, 18691, 11.9, 0.3, 126444, 979364, S
2020386, 18691, 94.8, 0.8, 284516, 1188652, R
2020385, 18691, 94.4, 0.9, 302836, 1193020, R
2019289, 18761, 11.9, 0.3, 126444, 979364, S
2020386, 18761, 95.1, 0.9, 310384, 1212716, R
2020385, 18761, 94.8, 0.9, 307324, 1197372, R
2019289, 18830, 11.9, 0.3, 126444, 979364, S
2020386, 18830, 95.6, 0.9, 319624, 1221932, R
2020385, 18830, 95.2, 0.9, 312076, 1202236, R
2019289, 18903, 11.9, 0.3, 126444, 979364, S
2020386, 18903, 96.0, 0.9, 321472, 1221932, R
2020385, 18903, 95.6, 1.1, 363292, 1253436, R
2019289, 18976, 11.9, 0.3, 126444, 979364, S
2020386, 18976, 91.1, 0.8, 285060, 1174968, R
2020385, 18976, 90.7, 1.0, 334284, 1224252, R
2019289, 19048, 11.3, 0.3, 126444, 979364, S
2020386, 19048, 91.5, 0.8, 286696, 1176504, R
2020385, 19048, 91.1, 1.0, 334284, 1224252, R
2019289, 19118, 11.3, 0.3, 126444, 979364, S
2020386, 19118, 91.8, 0.8, 290920, 1180856, R
2020385, 19118, 91.5, 1.0, 360944, 1251132, R
2019289, 19188, 11.3, 0.3, 126444, 979364, S
2020386, 19188, 92.2, 0.9, 295672, 1185464, R
2020385, 19188, 91.8, 1.1, 393096, 1283388, R
2019289, 19259, 11.3, 0.3, 126444, 979364, S
2020386, 19259, 92.6, 0.9, 300424, 1190328, R
2020385, 19259, 92.3, 1.0, 339832, 1229884, R
2019289, 19326, 11.3, 0.3, 126444, 979364, S
2020386, 19326, 93.0, 0.9, 304912, 1194680, R
2020385, 19326, 92.7, 1.0, 343524, 1233724, R
2019289, 19392, 11.3, 0.3, 126444, 979364, S
2020386, 19392, 93.4, 0.9, 308872, 1198776, R
2020385, 19392, 93.0, 1.0, 347484, 1237820, R
2019289, 19457, 11.3, 0.3, 126444, 979364, S
2020386, 19457, 93.7, 0.9, 313360, 1203128, R
2020385, 19457, 93.3, 1.0, 351972, 1242172, R
2019289, 19521, 11.3, 0.3, 126444, 979364, S
2020386, 19521, 94.1, 0.9, 317584, 1207480, R
2020385, 19521, 93.7, 1.0, 356196, 1246524, R
2019289, 19591, 11.3, 0.3, 126444, 979364, S
2020386, 19591, 94.5, 0.9, 322072, 1211832, R
2020385, 19591, 94.1, 1.0, 360684, 1250876, R
2019289, 19657, 11.3, 0.3, 126444, 979364, S
2020386, 19657, 94.8, 0.9, 326560, 1216440, R
2020385, 19657, 94.5, 1.1, 365436, 1255484, R
2019289, 19731, 11.3, 0.3, 126444, 979364, S
2020386, 19731, 95.2, 1.0, 331576, 1221560, R
2020385, 19731, 94.8, 1.1, 370452, 1260604, R
2019289, 19804, 11.3, 0.3, 126444, 979364, S
2020386, 19804, 95.7, 1.0, 336064, 1226168, R
2020385, 19804, 95.3, 1.1, 375204, 1265212, R
2019289, 19871, 11.3, 0.3, 126444, 979364, S
2020386, 19871, 96.0, 1.0, 339760, 1249864, R
2020385, 19871, 95.6, 1.1, 379428, 1269564, R
2019289, 19937, 11.3, 0.3, 126444, 979364, S
2020386, 19937, 96.3, 1.2, 414724, 1324872, R
2020385, 19937, 96.0, 1.1, 383916, 1274172, R
2019289, 20007, 10.7, 0.3, 126444, 979364, S
2020386, 20007, 91.6, 1.0, 360196, 1270344, R
2020385, 20007, 91.3, 1.1, 388140, 1278524, R
2019289, 20071, 10.7, 0.3, 126444, 979364, S
2020386, 20071, 92.0, 1.0, 360196, 1270344, R
2020385, 20071, 91.7, 1.1, 392364, 1282620, R
2019289, 20136, 10.7, 0.3, 126444, 979364, S
2020386, 20136, 92.3, 1.5, 495888, 1406280, R
2020385, 20136, 92.0, 1.2, 396852, 1286972, R
2019289, 20207, 10.7, 0.3, 126444, 979364, S
2020386, 20207, 92.7, 1.3, 448560, 1358920, R
2020385, 20207, 92.4, 1.4, 480720, 1370684, R
2019289, 20281, 10.7, 0.3, 126444, 979364, S
2020386, 20281, 93.1, 1.1, 365756, 1275976, R
2020385, 20281, 92.7, 1.4, 478616, 1368636, R
2019289, 20349, 10.7, 0.3, 126444, 979364, S
2020386, 20349, 93.5, 1.1, 369448, 1275976, R
2020385, 20349, 93.1, 1.8, 615608, 1505596, R
2019289, 20413, 10.7, 0.3, 126444, 979364, S
2020386, 20413, 93.8, 1.1, 375652, 1280048, R
2020385, 20413, 93.5, 1.8, 602220, 1492540, R
2019289, 20484, 10.7, 0.3, 126444, 979364, S
2020386, 20484, 94.2, 1.1, 377700, 1284124, R
2020385, 20484, 93.8, 1.8, 621780, 1511740, R
2019289, 20549, 10.7, 0.3, 126444, 979364, S
2020386, 20549, 94.5, 1.1, 377700, 1288196, R
2020385, 20549, 94.2, 1.4, 467412, 1357372, R
2019289, 20615, 10.7, 0.3, 126444, 979364, S
2020386, 20615, 94.9, 1.1, 381848, 1288196, R
2020385, 20615, 94.5, 1.4, 467412, 1357372, R
2019289, 20681, 10.7, 0.3, 126444, 979364, S
2020386, 20681, 95.2, 1.1, 385744, 1292272, R
2020385, 20681, 94.8, 1.4, 467412, 1357376, R
2019289, 20746, 10.7, 0.3, 126444, 979364, S
2020386, 20746, 95.6, 1.1, 389900, 1296344, R
2020385, 20746, 95.2, 1.4, 467412, 1357376, R
2019289, 20815, 10.7, 0.3, 126444, 979364, S
2020386, 20815, 96.0, 1.2, 394056, 1300420, R
2020385, 20815, 95.6, 1.4, 467412, 1357376, R
2019289, 20882, 10.7, 0.3, 126444, 979364, S
2020386, 20882, 96.3, 1.3, 448900, 1351340, R
2020385, 20882, 95.8, 1.4, 467412, 1357376, D
2019289, 20958, 10.7, 0.3, 126444, 979364, S
2020386, 20958, 96.7, 1.6, 532688, 1430700, R
2020385, 20958, 95.9, 1.4, 467412, 1357376, D
2019289, 21036, 10.2, 0.3, 126444, 979364, S
2020386, 21036, 92.3, 1.7, 579080, 1477292, R
2020385, 21036, 91.1, 1.4, 467412, 1357376, D
2019289, 21111, 10.2, 0.3, 126444, 979364, S
2020386, 21111, 92.7, 1.9, 654976, 1553324, R
2020385, 21111, 91.2, 1.2, 409044, 1299004, R
2019289, 21186, 10.2, 0.3, 126444, 979364, S
2020386, 21186, 93.0, 2.0, 674400, 1572780, R
2020385, 21186, 91.6, 0.4, 142016, 1048000, R
2019289, 21260, 10.2, 0.3, 126444, 979364, S
2020386, 21260, 93.4, 1.4, 491264, 1381248, R
2020385, 21260, 92.0, 0.4, 142016, 1048000, R
2019289, 21328, 10.2, 0.3, 126444, 979364, S
2020386, 21328, 93.7, 1.5, 499436, 1389440, R
2020385, 21328, 92.3, 0.4, 142544, 1048000, R
2019289, 21399, 10.2, 0.3, 126444, 979364, S
2020386, 21399, 94.1, 1.5, 515804, 1405828, R
2020385, 21399, 92.7, 0.4, 144656, 1048000, R
2019289, 21467, 10.2, 0.3, 126444, 979364, S
2020386, 21467, 94.4, 1.5, 515804, 1405828, R
2020385, 21467, 93.0, 0.4, 144656, 1048000, R
2019289, 21533, 10.2, 0.3, 126444, 979364, S
2020386, 21533, 94.7, 1.5, 515804, 1405828, R
2020385, 21533, 93.4, 0.4, 147560, 1048000, R
2019289, 21598, 10.2, 0.3, 126444, 979364, S
2020386, 21598, 95.0, 1.5, 515804, 1405828, D
2020385, 21598, 93.7, 0.4, 147560, 1048000, R
2019289, 21664, 10.2, 0.3, 126444, 979364, S
2020386, 21664, 95.0, 1.5, 515804, 1405828, D
2020385, 21664, 94.0, 0.4, 147560, 1048000, R
2019289, 21738, 10.2, 0.3, 126444, 979364, S
2020386, 21738, 95.0, 1.5, 515804, 1405828, D
2020385, 21738, 94.4, 0.4, 147560, 1048000, R
2019289, 21809, 10.2, 0.3, 126444, 979364, S
2020386, 21809, 95.2, 1.2, 401920, 1291904, R
2020385, 21809, 94.7, 0.7, 251312, 1151964, R
2019289, 21881, 10.2, 0.3, 126444, 979364, S
2020386, 21881, 95.6, 0.7, 256928, 1166128, R
2020385, 21881, 95.1, 0.5, 195732, 1096128, R
2019289, 21955, 10.2, 0.3, 126444, 979364, S
2020386, 21955, 95.9, 0.7, 256928, 1166128, R
2020385, 21955, 95.5, 0.7, 232952, 1129152, R
2019289, 22019, 9.7, 0.3, 126444, 979364, S
2020386, 22019, 91.6, 0.8, 266168, 1166128, R
2020385, 22019, 91.2, 0.7, 234800, 1129152, R
2019289, 22088, 9.7, 0.3, 126444, 979364, S
2020386, 22088, 92.0, 0.8, 269864, 1166128, R
2020385, 22088, 91.5, 0.7, 235064, 1129152, R
2019289, 22159, 9.7, 0.3, 126444, 979364, S
2020386, 22159, 92.3, 0.8, 269864, 1166128, R
2020385, 22159, 91.9, 0.7, 238496, 1132992, R
2019289, 22229, 9.7, 0.3, 126444, 979364, S
2020386, 22229, 92.6, 0.8, 275936, 1166128, R
2020385, 22229, 92.2, 0.7, 243248, 1137344, R
2019289, 22294, 9.7, 0.3, 126444, 979364, S
2020386, 22294, 92.9, 0.8, 275936, 1166128, R
2020385, 22294, 92.5, 0.7, 247472, 1141696, R
2019289, 22362, 9.7, 0.3, 126444, 979364, S
2020386, 22362, 93.2, 0.8, 275936, 1166128, R
2020385, 22362, 92.8, 0.7, 251960, 1146304, R
2019289, 22437, 9.7, 0.3, 126444, 979364, S
2020386, 22437, 93.6, 0.8, 276200, 1178224, R
2020385, 22437, 93.1, 0.7, 256976, 1151168, R
2019289, 22505, 9.7, 0.3, 126444, 979364, S
2020386, 22505, 93.9, 0.8, 276200, 1182300, R
2020385, 22505, 93.5, 0.7, 261464, 1155776, R
2019289, 22569, 9.7, 0.3, 126444, 979364, S
2020386, 22569, 94.2, 0.7, 237232, 1133360, R
2020385, 22569, 93.8, 0.8, 265424, 1159872, R
2019289, 22633, 9.7, 0.3, 126444, 979364, S
2020386, 22633, 94.6, 0.7, 256928, 1166128, R
2020385, 22633, 94.1, 0.8, 269912, 1164224, R
2019289, 22703, 9.7, 0.3, 126444, 979364, S
2020386, 22703, 94.9, 0.7, 256928, 1166128, R
2020385, 22703, 94.5, 0.8, 274664, 1168832, R
2019289, 22776, 9.7, 0.3, 126444, 979364, S
2020386, 22776, 95.2, 0.8, 269864, 1166128, R
2020385, 22776, 94.8, 0.8, 279416, 1173696, R
2019289, 22848, 9.7, 0.3, 126444, 979364, S
2020386, 22848, 95.5, 0.8, 269864, 1166128, R
2020385, 22848, 95.1, 0.8, 283640, 1178048, R
2019289, 22915, 9.7, 0.3, 126444, 979364, S
2020386, 22915, 95.9, 0.8, 275936, 1166128, R
2020385, 22915, 95.5, 0.8, 288392, 1182656, R
2019289, 22980, 9.7, 0.3, 126444, 979364, S
2020386, 22980, 91.8, 0.8, 275936, 1166128, R
2020385, 22980, 91.4, 1.0, 353600, 1247936, R
2019289, 23050, 9.3, 0.3, 126444, 979364, S
2020386, 23050, 92.1, 0.8, 275936, 1166128, R
2020385, 23050, 91.7, 0.9, 310000, 1204160, R
2019289, 23115, 9.3, 0.3, 126444, 979364, S
2020386, 23115, 92.4, 0.8, 275936, 1166128, R
2020385, 23115, 92.0, 0.9, 310000, 1204160, R
2019289, 23190, 9.3, 0.3, 126444, 979364, S
2020386, 23190, 92.8, 0.8, 288344, 1178224, R
2020385, 23190, 92.4, 1.0, 344052, 1238464, R
2019289, 23258, 9.3, 0.3, 126444, 979364, S
2020386, 23258, 93.1, 0.8, 288344, 1178224, R
2020385, 23258, 92.7, 1.1, 365996, 1260224, R
2019289, 23325, 9.3, 0.3, 126444, 979364, S
2020386, 23325, 93.4, 0.8, 288344, 1178224, R
2020385, 23325, 93.0, 0.9, 315548, 1209792, R
2019289, 23394, 9.3, 0.3, 126444, 979364, S
2020386, 23394, 93.7, 0.7, 255392, 1145200, R
2020385, 23394, 93.3, 1.4, 468664, 1362880, R
2019289, 23463, 9.3, 0.3, 126444, 979364, S
2020386, 23463, 94.0, 1.0, 346996, 1236876, R
2020385, 23463, 93.6, 1.4, 484956, 1379520, R
2019289, 23538, 9.3, 0.3, 126444, 979364, S
2020386, 23538, 94.4, 0.9, 300376, 1190256, R
2020385, 23538, 94.0, 1.3, 446412, 1340608, R
2019289, 23614, 9.3, 0.3, 126444, 979364, S
2020386, 23614, 94.7, 1.0, 333372, 1223280, R
2020385, 23614, 94.3, 1.1, 366056, 1260224, R
2019289, 23688, 9.3, 0.3, 126444, 979364, S
2020386, 23688, 95.0, 1.0, 333372, 1223280, R
2020385, 23688, 94.6, 1.1, 380308, 1270332, R
2019289, 23758, 9.3, 0.3, 126444, 979364, S
2020386, 23758, 95.3, 1.0, 333372, 1223280, R
2020385, 23758, 94.9, 1.2, 396676, 1286720, R
2019289, 23830, 9.3, 0.3, 126444, 979364, S
2020386, 23830, 95.7, 0.6, 211144, 1100944, R
2020385, 23830, 95.3, 1.2, 396676, 1286720, R
2019289, 23894, 9.3, 0.3, 126444, 979364, S
2020386, 23894, 96.0, 0.6, 214576, 1104528, R
2020385, 23894, 95.6, 1.2, 396676, 1286720, R
2019289, 23959, 9.3, 0.3, 126444, 979364, S
2020386, 23959, 96.3, 0.6, 219064, 1109136, R
2020385, 23959, 95.7, 1.2, 396676, 1286720, D
2019289, 24031, 8.9, 0.3, 126444, 979364, S
2020386, 24031, 92.4, 0.6, 223816, 1114000, R
2020385, 24031, 91.6, 1.2, 396676, 1286720, D
2019289, 24108, 8.9, 0.3, 126444, 979364, S
2020386, 24108, 92.7, 0.6, 228832, 1118864, R
2020385, 24108, 91.6, 1.2, 396676, 1286720, D
2019289, 24175, 8.9, 0.3, 126444, 979364, S
2020386, 24175, 93.0, 0.7, 233584, 1123472, R
2020385, 24175, 91.9, 0.3, 119568, 1009344, R
2019289, 24249, 8.9, 0.3, 126444, 979364, S
2020386, 24249, 93.3, 0.7, 237544, 1127568, R
2020385, 24249, 92.0, 0.3, 119568, 1009344, R
2019289, 24317, 8.9, 0.3, 126444, 979364, S
2020386, 24317, 93.6, 0.7, 241768, 1131920, R
2020385, 24317, 92.3, 0.3, 122456, 1015488, R
2019289, 24384, 8.9, 0.3, 126444, 979364, S
2020386, 24384, 93.9, 0.7, 245728, 1135760, R
2020385, 24384, 92.5, 0.3, 126152, 1019328, R
2019289, 24451, 8.9, 0.3, 126444, 979364, S
2020386, 24451, 94.3, 0.7, 249424, 1139344, R
2020385, 24451, 92.9, 0.3, 129220, 1022400, R
2019289, 24523, 8.9, 0.3, 126444, 979364, S
2020386, 24523, 94.5, 0.7, 253384, 1143440, R
2020385, 24523, 93.1, 0.4, 139208, 1032388, D
2019289, 24593, 8.9, 0.3, 126444, 979364, S
2020386, 24593, 94.8, 0.7, 257872, 1147792, R
2020385, 24593, 93.4, 0.3, 124084, 1017280, R
2019289, 24665, 8.9, 0.3, 126444, 979364, S
2020386, 24665, 95.1, 0.7, 262360, 1152400, R
2020385, 24665, 93.7, 0.3, 130292, 1023424, R
2019289, 24738, 8.9, 0.3, 126444, 979364, S
2020386, 24738, 95.5, 0.8, 271864, 1182240, R
2020385, 24738, 94.0, 0.4, 141128, 1034176, R
2019289, 24815, 8.9, 0.3, 126444, 979364, S
2020386, 24815, 95.8, 0.9, 323320, 1233696, R
2020385, 24815, 94.3, 0.3, 123032, 1016000, R
2019289, 24884, 8.9, 0.3, 126444, 979364, S
2020386, 24884, 96.0, 0.8, 285688, 1196064, R
2020385, 24884, 94.5, 0.3, 123032, 1016000, R
2019289, 24948, 8.9, 0.3, 126444, 979364, S
2020386, 24948, 96.3, 0.8, 285688, 1196064, R
2020385, 24948, 94.8, 0.3, 126196, 1019328, R
2019289, 25013, 8.6, 0.3, 126444, 979364, S
2020386, 25013, 92.6, 1.3, 434052, 1344544, R
2020385, 25013, 91.2, 0.4, 132112, 1025216, R
2019289, 25086, 8.6, 0.3, 126444, 979364, S
2020386, 25086, 92.9, 1.1, 372740, 1283104, R
2020385, 25086, 91.4, 0.4, 134184, 1027268, D
2019289, 25165, 8.6, 0.3, 126444, 979364, S
2020386, 25165, 93.2, 0.8, 291776, 1201952, R
2020385, 25165, 91.7, 0.3, 125904, 1019072, R
2019289, 25236, 8.6, 0.3, 126444, 979364, S
2020386, 25236, 93.6, 0.9, 295732, 1201952, R
2020385, 25236, 92.0, 0.3, 125904, 1019328, R
2019289, 25308, 8.6, 0.3, 126444, 979364, S
2020386, 25308, 93.8, 0.9, 301408, 1206028, R
2020385, 25308, 92.2, 0.4, 134884, 1027780, D
2019289, 25376, 8.6, 0.3, 126444, 979364, S
2020386, 25376, 94.1, 0.9, 303976, 1210100, R
2020385, 25376, 92.5, 0.3, 123660, 1016512, R
2019289, 25445, 8.6, 0.3, 126444, 979364, S
2020386, 25445, 94.4, 0.9, 307868, 1214172, R
2020385, 25445, 92.8, 0.4, 142808, 1050048, R
2019289, 25519, 8.6, 0.3, 126444, 979364, S
2020386, 25519, 94.7, 0.9, 312024, 1218248, R
2020385, 25519, 93.1, 0.4, 145184, 1050048, R
2019289, 25591, 8.6, 0.3, 126444, 979364, S
2020386, 25591, 95.0, 0.9, 316180, 1222320, R
2020385, 25591, 93.4, 0.4, 145184, 1050048, R
2019289, 25658, 8.6, 0.3, 126444, 979364, S
2020386, 25658, 95.3, 0.9, 320072, 1226396, R
2020385, 25658, 93.7, 0.4, 145712, 1050048, R
2019289, 25729, 8.6, 0.3, 126444, 979364, S
2020386, 25729, 95.6, 1.0, 344292, 1250436, R
2020385, 25729, 94.0, 0.4, 150600, 1050048, R
2019289, 25801, 8.6, 0.3, 126444, 979364, S
2020386, 25801, 95.9, 1.2, 412348, 1310596, R
2020385, 25801, 94.2, 0.5, 177784, 1075392, R
2019289, 25874, 8.6, 0.3, 126444, 979364, S
2020386, 25874, 96.2, 1.1, 390656, 1288580, R
2020385, 25874, 94.5, 0.5, 191248, 1088960, R
2019289, 25954, 8.6, 0.3, 126444, 979364, S
2020386, 25954, 96.5, 1.7, 569116, 1467268, R
2020385, 25954, 94.9, 0.5, 191248, 1088960, R
2019289, 26028, 8.2, 0.3, 126444, 979364, S
2020386, 26028, 93.0, 1.5, 512376, 1410692, R
2020385, 26028, 91.3, 0.4, 150428, 1047744, R
2019289, 26102, 8.2, 0.3, 126444, 979364, S
2020386, 26102, 93.3, 1.6, 542284, 1432176, R
2020385, 26102, 91.6, 0.4, 152800, 1050304, R
2019289, 26182, 8.2, 0.3, 126444, 979364, S
2020386, 26182, 93.6, 1.2, 408960, 1298776, R
2020385, 26182, 91.9, 0.4, 158620, 1055936, R
2019289, 26255, 8.2, 0.3, 126444, 979364, S
2020386, 26255, 93.9, 1.2, 425324, 1315160, R
2020385, 26255, 92.2, 0.4, 160652, 1057988, R
2019289, 26338, 8.2, 0.3, 126444, 979364, S
2020386, 26338, 94.2, 1.3, 441692, 1331548, R
2020385, 26338, 92.4, 0.4, 153244, 1050560, R
2019289, 26406, 8.2, 0.3, 126444, 979364, S
2020386, 26406, 94.5, 1.3, 441692, 1331548, R
2020385, 26406, 92.7, 0.4, 158628, 1056192, R
2019289, 26478, 8.2, 0.3, 126444, 979364, S
2020386, 26478, 94.8, 1.3, 441692, 1331548, R
2020385, 26478, 92.9, 0.4, 161612, 1059012, D
2019289, 26559, 8.2, 0.3, 126444, 979364, S
2020386, 26559, 94.9, 1.3, 441692, 1331548, D
2020385, 26559, 92.9, 0.4, 161612, 1059012, D
2019289, 26635, 8.2, 0.3, 126444, 979364, S
2020386, 26635, 94.9, 1.3, 441692, 1331548, D
2020385, 26635, 92.9, 0.4, 161612, 1059012, D
2019289, 26712, 8.2, 0.3, 126444, 979364, S
2019289, 26759, 8.4, 0.3, 126596, 979340, R
2019289, 26811, 8.5, 0.3, 126540, 954720, R
