PID;Time;CPU %;Memory %;Memory Bytes;Wchan;State
1717350;16;52,4;0,1;43752;-;D
1717350;362;59,1;0,2;78492;-;R
1717350;677;65,0;0,4;114916;-;D
1717350;979;95,2;0,4;121780;-;R
1717350;1286;99,9;0,4;121780;-;R
1717350;1611;95,0;0,4;144448;-;R
1717350;1911;95,2;0,5;170864;-;R
1717350;2212;99,9;0,6;206976;-;R
1717350;2519;95,2;0,8;255304;-;R
1717350;2825;99,9;1,1;376240;-;R
1717350;3128;99,9;1,0;322732;-;R
1717350;3427;95,2;1,0;336440;-;R
1717350;3739;99,9;1,3;413980;-;R
1717350;4057;99,9;1,8;602316;-;R
1717350;4364;99,9;1,4;444892;-;R
1717350;4670;99,9;1,4;462840;-;R
1717350;4974;99,9;1,4;473020;-;R
1717350;5278;99,9;1,5;486920;-;R
1717350;5577;99,9;1,7;566848;-;R
1717350;5880;95,2;1,9;637852;-;R
1717350;6186;99,9;2,1;677032;-;R
1717350;6493;99,9;2,1;677032;-;R
1717350;6800;95,2;2,1;678352;-;R
1717350;7106;99,9;2,3;769484;-;R
1717350;7436;99,9;2,1;689052;-;R
1717350;7741;99,9;2,2;727888;-;R
1717350;8049;99,9;2,2;727888;-;R
1717350;8353;99,9;2,5;805768;-;R
1717350;8668;99,9;2,7;877032;-;R
1717350;8981;95,2;2,7;876360;-;R
1717350;9287;99,9;2,5;836248;-;R
1717350;9601;99,9;2,0;655660;-;R
1717350;9896;99,9;2,0;655660;-;R
1717350;10199;99,9;2,1;692832;-;R
1717350;10503;99,9;2,2;737840;-;R
1717350;10806;99,9;2,4;798628;-;R
1717350;11117;99,9;3,1;984,1m;-;R
1717350;11423;99,9;3,1;979,9m;-;R
1717350;11736;99,9;2,9;952656;-;R
1717350;12036;99,9;2,9;952656;-;R
1717350;12336;95,0;2,7;878880;-;R
1717350;12642;80,0;2,7;878880;-;R
1717350;12941;76,2;2,7;878880;-;R
1717350;13243;85,0;2,7;881616;wait_on_p+;D
1717350;13546;85,0;2,7;885312;wait_on_p+;R
1717350;13855;85,0;2,7;896928;-;R
1717350;14160;76,2;2,8;907752;-;R
1717350;14466;80,0;2,8;918048;-;R
1717350;14772;76,2;2,8;929136;wait_on_p+;R
1717350;15076;90,0;2,9;940488;-;R
1717350;15375;80,0;2,9;951840;-;D
1717350;15681;85,0;2,9;962136;-;D
1717350;15981;81,0;3,0;974544;-;D
1717350;16300;85,0;3,0;986160;-;R
1717350;16595;85,0;3,0;996456;-;R
1717350;16897;85,0;3,1;984,2m;-;D
1717350;17202;76,2;3,1;995,3m;-;R
1717350;17510;85,7;3,1;1,0g;wait_on_p+;R
1717350;17821;76,2;3,2;1,0g;wait_on_p+;R
1717350;18125;99,9;3,9;1,2g;-;R
1717350;18431;95,2;3,9;1,2g;-;R
1717350;18743;99,9;3,9;1,2g;-;R
1717350;19043;95,2;3,9;1,2g;-;R
1717350;19354;99,9;3,9;1,2g;-;R
1717350;19652;99,9;3,9;1,2g;-;R
1717350;19956;99,9;3,9;1,2g;-;R
1717350;20259;99,9;3,9;1,2g;-;R
1717350;20573;99,9;4,0;1,2g;-;R
1717350;20877;95,0;4,6;1,4g;-;R
1717350;21179;95,2;4,6;1,4g;-;R
1717350;21488;99,9;4,7;1,5g;-;R
1717350;21795;99,9;4,5;1,4g;-;R
1717350;22102;99,9;4,2;1,3g;-;R
1717350;22409;99,9;4,9;1,5g;-;R
1717350;22711;90,5;4,9;1,5g;-;R
1717350;23015;99,9;5,0;1,6g;-;R
1717350;23325;99,9;4,6;1,5g;-;R
1717350;23626;99,9;5,2;1,6g;-;R
1717350;23928;99,9;5,2;1,6g;-;R
1717350;24243;99,9;5,2;1,6g;-;R
1717350;24578;99,9;5,1;1,6g;-;R
1717350;24880;99,9;5,0;1,6g;-;R
1717350;25185;99,9;5,4;1,7g;-;R
1717350;25487;99,9;5,5;1,7g;-;R
1717350;25786;99,9;4,5;1,4g;-;R
1717350;26088;99,9;4,5;1,4g;-;R
1717350;26384;99,9;4,5;1,4g;-;R
1717350;26681;99,9;4,5;1,4g;-;R
1717350;26980;95,2;4,5;1,4g;-;R
1717350;27283;99,9;4,5;1,4g;-;R
1717350;27595;99,9;4,5;1,4g;-;R
1717350;27893;99,9;4,5;1,4g;-;R
1717350;28192;95,2;4,5;1,4g;-;R
1717350;28492;95,2;4,5;1,4g;-;R
1717350;28797;99,9;4,2;1,3g;-;R
1717350;29109;99,9;4,5;1,4g;-;R
1717350;29416;99,9;3,9;1,2g;-;R
1717350;29713;99,9;4,1;1,3g;-;R
1717350;30021;99,9;5,6;1,8g;-;R
1717350;30322;99,9;7,1;2,2g;-;R
1717350;30633;90,5;8,7;2,7g;-;R
1717350;30933;99,9;10,2;3,2g;-;R
1717350;31241;95,2;11,9;3,7g;-;R
1717350;31549;99,9;13,4;4,2g;-;R
1717350;31855;99,9;14,9;4,7g;-;R
1717350;32156;99,9;8,0;2,5g;-;R
1717350;32458;99,9;8,0;2,5g;-;R
1717350;32757;99,9;8,3;2,6g;-;R
1717350;33056;99,9;8,6;2,7g;-;R
1717350;33366;99,9;9,0;2,8g;-;R
1717350;33682;95,2;10,2;3,2g;-;R
1717350;33986;99,9;11,3;3,6g;-;R
1717350;34294;95,2;10,2;3,2g;-;R
1717350;34601;99,9;10,5;3,3g;-;R
1717350;34916;99,9;10,7;3,3g;-;R
1717350;35220;99,9;10,6;3,3g;-;R
1717350;35526;99,9;10,8;3,4g;-;R
1717350;35836;99,9;10,7;3,3g;-;R
1717350;36155;99,9;11,4;3,6g;-;R
1717350;36472;95,2;10,2;3,2g;-;R
1717350;36781;85,7;8,3;2,6g;-;R
1717350;37089;99,9;8,4;2,6g;-;R
1717350;37397;99,9;8,4;2,6g;-;R
1717350;37700;95,2;8,4;2,6g;-;R
1717350;38008;99,9;8,4;2,6g;-;R
1717350;38314;99,9;8,4;2,6g;-;R
1717350;38612;95,2;8,4;2,6g;-;R
1717350;38917;99,9;8,4;2,6g;-;R
1717350;39224;99,9;8,4;2,6g;-;R
1717350;39529;99,9;8,4;2,6g;-;R
1717350;39835;99,9;8,4;2,6g;-;R
1717350;40137;99,9;8,4;2,6g;-;R
1717350;40450;95,2;8,5;2,7g;-;R
1717350;40755;99,9;8,5;2,7g;-;R
1717350;41057;95,0;8,6;2,7g;-;R
1717350;41357;99,9;8,7;2,7g;-;R
1717350;41670;99,9;8,7;2,7g;-;R
1717350;41976;99,9;8,8;2,7g;-;R
1717350;42282;99,9;8,8;2,8g;-;R
1717350;42587;99,9;8,9;2,8g;-;R
1717350;42895;99,9;9,0;2,8g;-;R
1717350;43203;99,9;9,0;2,8g;-;R
1717350;43509;99,9;9,1;2,8g;-;R
1717350;43813;99,9;9,2;2,9g;-;R
1717350;44121;95,2;9,4;2,9g;-;R
1717350;44428;99,9;10,3;3,2g;-;R
1717350;44733;99,9;10,3;3,2g;-;R
1717350;45035;99,9;10,3;3,2g;-;R
1717350;45337;95,2;10,3;3,2g;-;R
1717350;45649;99,9;10,3;3,2g;-;R
1717350;45954;99,9;10,3;3,2g;-;R
1717350;46270;99,9;10,3;3,2g;-;R
1717350;46575;99,9;10,3;3,2g;-;R
1717350;46881;99,9;10,3;3,2g;-;R
1717350;47185;99,9;10,3;3,2g;-;R
1717350;47484;99,9;10,3;3,2g;-;R
1717350;47791;95,2;10,3;3,2g;-;R
1717350;48093;99,9;10,3;3,2g;-;R
1717350;48393;95,2;11,3;3,5g;-;R
1717350;48693;99,9;10,9;3,4g;-;R
1717350;48999;95,2;11,5;3,6g;-;R
1717350;49301;95,2;10,8;3,4g;-;R
1717350;49608;99,9;11,6;3,6g;-;R
1717350;49918;99,9;11,3;3,5g;-;R
1717350;50232;95,2;11,7;3,7g;-;R
1717350;50533;99,9;11,7;3,7g;-;R
1717350;50843;95,2;11,9;3,7g;-;R
1717350;51154;99,9;11,9;3,7g;-;R
1717350;51459;95,2;12,0;3,8g;-;R
1717350;51765;99,9;12,0;3,8g;-;R
1717350;52066;95,2;12,1;3,8g;-;R
1717350;52378;99,9;12,1;3,8g;-;R
1717350;52676;99,9;12,3;3,8g;-;R
1717350;52979;95,2;12,3;3,8g;-;R
1717350;53280;99,9;11,5;3,6g;-;R
1717350;53586;95,0;12,4;3,9g;-;R
1717350;53887;99,9;11,7;3,7g;-;R
1717350;54199;95,0;12,5;3,9g;-;R
1717350;54494;99,9;12,1;3,8g;-;R
1717350;54796;99,9;12,6;3,9g;-;R
1717350;55096;99,9;12,4;3,9g;-;R
1717350;55403;95,2;12,7;4,0g;-;R
1717350;55702;95,2;11,0;3,4g;-;R
1717350;56001;99,9;11,2;3,5g;-;R
1717350;56299;95,2;11,2;3,5g;-;R
1717350;56600;99,9;11,2;3,5g;-;R
1717350;56903;99,9;11,2;3,5g;-;R
1717350;57205;99,9;11,2;3,5g;-;R
1717350;57502;99,9;11,2;3,5g;-;R
1717350;57800;99,9;11,2;3,5g;-;R
1717350;58103;95,2;11,2;3,5g;-;R
1717350;58408;99,9;11,2;3,5g;-;R
1717350;58705;99,9;11,2;3,5g;-;R
1717350;59011;95,2;11,2;3,5g;-;R
1717350;59316;99,9;11,2;3,5g;-;R
1717350;59616;99,9;11,2;3,5g;-;R
1717350;59919;99,9;10,9;3,4g;-;R
1717350;60221;99,9;11,2;3,5g;-;R
1717350;60525;99,9;11,5;3,6g;-;R
1717350;60832;95,2;10,3;3,2g;-;R
1717350;61135;99,9;10,3;3,2g;-;R
1717350;61441;99,9;11,5;3,6g;-;R
1717350;61746;99,9;13,1;4,1g;-;R
1717350;62048;99,9;14,6;4,6g;-;R
1717350;62348;99,9;16,1;5,0g;-;R
1717350;62645;99,9;17,5;5,5g;-;R
1717350;62940;95,2;17,5;5,5g;-;R
1717350;63249;95,2;10,6;3,3g;-;R
1717350;63557;99,9;10,6;3,3g;-;R
1717350;63866;99,9;10,8;3,4g;-;R
1717350;64172;95,2;11,2;3,5g;-;R
1717350;64474;99,9;11,6;3,6g;-;R
1717350;64773;95,2;12,1;3,8g;-;R
1717350;65084;99,9;13,4;4,2g;-;R
1717350;65384;99,9;12,4;3,9g;-;R
1717350;65692;95,2;12,4;3,9g;-;R
1717350;65997;99,9;12,8;4,0g;-;R
1717350;66299;99,9;13,1;4,1g;-;R
1717350;66598;95,0;13,5;4,2g;-;R
1717350;66894;99,9;14,8;4,6g;-;R
1717350;67196;99,9;16,0;5,0g;-;R
1717350;67497;99,9;14,3;4,5g;-;R
1717350;67794;99,9;14,7;4,6g;-;R
1717350;68094;99,9;14,8;4,6g;-;R
1717350;68394;99,9;14,6;4,6g;-;R
1717350;68687;99,9;15,2;4,7g;-;R
1717350;68988;99,9;15,3;4,8g;-;R
1717350;69291;99,9;15,5;4,9g;-;R
1717350;69587;99,9;15,0;4,7g;-;R
1717350;69894;99,9;15,9;5,0g;-;R
1717350;70211;99,9;15,2;4,8g;-;R
1717350;70523;99,9;14,6;4,6g;-;R
1717350;70831;95,2;13,5;4,2g;-;R
1717350;71135;99,9;12,3;3,9g;-;R
1717350;71442;95,2;12,3;3,9g;-;R
1717350;71744;99,9;12,3;3,9g;-;R
1717350;72046;99,9;12,3;3,9g;-;R
1717350;72353;99,9;12,3;3,9g;-;R
1717350;72649;99,9;12,3;3,9g;-;R
1717350;72947;99,9;12,3;3,9g;-;R
1717350;73251;95,2;12,2;3,8g;-;R
1717350;73553;99,9;12,2;3,8g;-;R
1717350;73860;99,9;12,2;3,8g;-;R
1717350;74168;99,9;12,2;3,8g;-;R
1717350;74475;99,9;12,3;3,8g;-;R
1717350;74780;99,9;12,3;3,8g;-;R
1717350;75083;99,9;12,3;3,9g;-;R
1717350;75388;99,9;12,4;3,9g;-;R
1717350;75702;95,2;12,4;3,9g;-;R
1717350;76002;95,2;12,5;3,9g;-;R
1717350;76303;99,9;12,5;3,9g;-;R
1717350;76605;99,9;12,6;3,9g;-;R
1717350;76909;99,9;12,6;3,9g;-;R
1717350;77208;99,9;12,7;4,0g;-;R
1717350;77509;99,9;12,7;4,0g;-;R
1717350;77821;99,9;12,8;4,0g;-;R
1717350;78124;99,9;12,8;4,0g;-;R
1717350;78428;99,9;12,9;4,0g;-;R
1717350;78735;95,0;12,9;4,0g;-;R
1717350;79035;95,2;12,9;4,1g;-;R
1717350;79346;95,0;13,0;4,1g;-;R
1717350;79647;99,9;13,7;4,3g;-;R
1717350;79955;99,9;13,8;4,3g;-;R
1717350;80261;99,9;14,1;4,4g;-;R
1717350;80565;99,9;14,1;4,4g;-;R
1717350;80864;95,0;14,1;4,4g;-;R
1717350;81163;99,9;14,1;4,4g;-;R
1717350;81464;95,2;14,1;4,4g;-;R
1717350;81779;99,9;14,1;4,4g;-;R
1717350;82082;99,9;14,1;4,4g;-;R
1717350;82393;99,9;14,1;4,4g;-;R
1717350;82696;99,9;14,1;4,4g;-;R
1717350;83000;95,0;14,1;4,4g;-;R
1717350;83299;99,9;14,1;4,4g;-;R
1717350;83600;95,2;14,1;4,4g;-;R
1717350;83904;99,9;15,0;4,7g;-;R
1717350;84208;99,9;15,2;4,8g;-;R
1717350;84505;99,9;14,8;4,6g;-;R
1717350;84805;95,0;15,3;4,8g;-;R
1717350;85102;95,2;14,5;4,5g;-;R
1717350;85404;99,9;15,4;4,8g;-;R
1717350;85709;99,9;15,4;4,8g;-;R
1717350;86022;99,9;15,5;4,8g;-;R
1717350;86321;95,2;15,7;4,9g;-;R
1717350;86622;95,2;15,3;4,8g;-;R
1717350;86928;99,9;15,7;4,9g;-;R
1717350;87231;99,9;15,2;4,7g;-;R
1717350;87536;99,9;15,8;4,9g;-;R
1717350;87836;99,9;14,9;4,7g;-;R
1717350;88137;99,9;15,8;5,0g;-;R
1717350;88440;99,9;15,9;5,0g;-;R
1717350;88746;99,9;15,9;5,0g;-;R
1717350;89045;99,9;16,1;5,0g;-;R
1717350;89349;99,9;15,7;4,9g;-;R
1717350;89657;99,9;16,1;5,0g;-;R
1717350;89962;99,9;15,6;4,9g;-;R
1717350;90267;99,9;16,2;5,1g;-;R
1717350;90561;95,2;15,3;4,8g;-;R
1717350;90867;95,0;16,3;5,1g;-;R
1717350;91170;99,9;16,4;5,1g;-;R
1717350;91471;99,9;16,4;5,1g;-;R
1717350;91777;99,9;16,5;5,2g;-;R
1717350;92080;99,9;16,2;5,1g;-;R
1717350;92402;99,9;16,6;5,2g;-;R
1717350;92704;95,0;14,3;4,5g;-;R
1717350;93010;95,2;15,6;4,9g;-;R
1717350;93316;99,9;14,2;4,4g;-;R
1717350;93620;99,9;15,0;4,7g;-;R
1717350;93929;99,9;15,0;4,7g;-;R
1717350;94235;99,9;15,0;4,7g;-;R
1717350;94541;99,9;15,0;4,7g;-;R
1717350;94856;99,9;15,0;4,7g;-;R
1717350;95157;99,9;15,0;4,7g;-;R
1717350;95459;99,9;15,0;4,7g;-;R
1717350;95763;95,2;15,0;4,7g;-;R
1717350;96065;99,9;15,0;4,7g;-;R
1717350;96367;99,9;15,0;4,7g;-;R
1717350;96671;95,2;15,5;4,8g;-;R
1717350;96977;95,2;15,0;4,7g;-;R
1717350;97286;99,9;14,7;4,6g;-;R
1717350;97583;99,9;14,7;4,6g;-;R
1717350;97884;99,9;14,7;4,6g;-;R
1717350;98188;99,9;15,0;4,7g;-;R
1717350;98494;99,9;14,1;4,4g;-;R
1717350;98797;99,9;14,1;4,4g;-;R
1717350;99106;99,9;15,3;4,8g;-;R
1717350;99409;95,2;16,9;5,3g;-;R
1717350;99716;99,9;18,5;5,8g;-;R
1717350;100018;95,5;20,1;6,3g;-;R
1717350;100335;99,9;21,3;6,7g;-;R
1717350;100636;99,9;21,3;6,7g;-;R
1717350;100943;99,9;14,4;4,5g;-;R
1717350;101250;99,9;14,4;4,5g;-;R
1717350;101549;99,9;14,7;4,6g;-;R
1717350;101850;95,0;15,6;4,9g;-;R
1717350;102155;99,9;16,4;5,1g;-;R
1717350;102461;99,9;17,3;5,4g;-;R
1717350;102760;95,2;17,7;5,5g;-;R
1717350;103066;99,9;19,1;6,0g;-;R
1717350;103364;99,9;16,3;5,1g;-;R
1717350;103660;95,2;16,3;5,1g;-;R
1717350;103961;99,9;16,6;5,2g;-;R
1717350;104262;99,9;17,0;5,3g;-;R
1717350;104559;95,2;17,4;5,4g;-;R
1717350;104862;99,9;18,5;5,8g;-;R
1717350;105165;99,9;19,7;6,2g;-;R
1717350;105467;99,9;17,8;5,6g;-;R
1717350;105786;99,9;18,1;5,7g;-;R
1717350;106084;99,9;18,3;5,7g;-;R
1717350;106387;99,9;18,1;5,7g;-;R
1717350;106692;95,2;18,4;5,8g;-;R
1717350;106997;99,9;18,5;5,8g;-;R
1717350;107299;99,9;18,5;5,8g;-;R
1717350;107599;99,9;18,6;5,8g;-;R
1717350;107898;99,9;18,6;5,8g;-;R
1717350;108195;99,9;18,7;5,8g;-;R
1717350;108496;99,9;18,4;5,7g;-;R
1717350;108800;99,9;18,9;5,9g;-;R
1717350;109102;95,2;19,2;6,0g;-;R
1717350;109405;99,9;19,7;6,2g;-;R
1717350;109712;99,9;19,8;6,2g;-;R
1717350;110013;99,9;18,1;5,7g;-;R
1717350;110317;99,9;19,0;5,9g;-;R
1717350;110624;99,9;19,9;6,2g;-;R
1717350;110938;95,2;19,0;5,9g;-;R
1717350;111260;99,9;19,5;6,1g;-;R
1717350;111570;99,9;19,7;6,2g;-;R
1717350;111882;90,9;18,4;5,8g;-;R
1717350;112197;99,9;18,1;5,7g;-;R
1717350;112503;99,9;18,4;5,8g;-;R
1717350;112804;99,9;18,4;5,8g;-;R
1717350;113100;99,9;18,4;5,8g;-;R
1717350;113396;99,9;18,4;5,8g;-;R
1717350;113699;99,9;18,4;5,8g;-;R
1717350;113999;99,9;18,4;5,8g;-;R
1717350;114300;99,9;18,4;5,8g;-;R
1717350;114598;99,9;18,4;5,8g;-;R
1717350;114902;95,2;18,4;5,8g;-;R
1717350;115201;99,9;18,4;5,8g;-;R
1717350;115495;99,9;18,4;5,8g;-;R
1717350;115793;99,9;18,4;5,8g;-;R
1717350;116093;95,2;18,4;5,8g;-;R
1717350;116396;99,9;18,4;5,8g;-;R
1717350;116704;99,9;18,4;5,8g;-;R
1717350;117007;99,9;18,4;5,8g;-;R
1717350;117316;99,9;18,4;5,8g;-;R
1717350;117613;99,9;18,4;5,8g;-;R
1717350;117915;99,9;18,4;5,8g;-;R
1717350;118225;99,9;18,4;5,8g;-;R
1717350;118533;99,9;18,4;5,8g;-;R
1717350;118839;99,9;18,4;5,8g;-;R
1717350;119142;99,9;18,4;5,8g;-;R
1717350;119440;99,9;18,4;5,8g;-;R
1717350;119744;99,9;18,4;5,8g;-;R
1717350;120048;99,9;18,4;5,8g;-;R
1717350;120349;95,2;18,4;5,8g;-;R
1717350;120653;99,9;18,4;5,8g;-;R
1717350;120965;99,9;18,4;5,8g;-;R
1717350;121264;99,9;18,4;5,8g;-;R
1717350;121563;99,9;18,4;5,8g;-;R
1717350;121873;99,9;18,4;5,8g;-;R
1717350;122177;99,9;18,4;5,8g;-;R
1717350;122476;99,9;18,4;5,8g;-;R
1717350;122779;95,2;18,4;5,8g;-;R
1717350;123082;95,2;18,4;5,8g;-;R
1717350;123382;99,9;18,4;5,8g;-;R
1717350;123679;99,9;18,4;5,8g;-;R
1717350;123978;99,9;18,4;5,8g;-;R
1717350;124280;99,9;18,5;5,8g;-;R
1717350;124584;99,9;18,6;5,8g;-;R
1717350;124882;99,9;18,6;5,8g;-;R
1717350;125184;99,9;18,7;5,8g;-;R
1717350;125487;99,9;18,7;5,9g;-;R
1717350;125791;95,2;18,8;5,9g;-;R
1717350;126091;99,9;18,9;5,9g;-;R
1717350;126412;90,5;18,9;5,9g;-;R
1717350;126716;99,9;19,0;5,9g;-;R
1717350;127015;95,0;19,1;6,0g;-;R
1717350;127317;99,9;19,1;6,0g;-;R
1717350;127629;99,9;19,2;6,0g;-;R
1717350;127941;95,2;19,2;6,0g;-;R
1717350;128249;95,2;19,3;6,0g;-;R
1717350;128552;95,2;19,4;6,1g;-;R
1717350;128853;99,9;19,4;6,1g;-;R
1717350;129154;99,9;19,5;6,1g;-;R
1717350;129456;95,2;19,5;6,1g;-;R
1717350;129763;99,9;19,6;6,1g;-;R
1717350;130066;99,9;19,7;6,2g;-;R
1717350;130366;99,9;19,7;6,2g;-;R
1717350;130663;99,9;19,8;6,2g;-;R
1717350;130966;99,9;19,9;6,2g;-;R
1717350;131269;95,2;19,9;6,2g;-;R
1717350;131570;99,9;20,0;6,3g;-;R
1717350;131874;99,9;20,0;6,3g;-;R
1717350;132171;99,9;20,1;6,3g;-;R
1717350;132473;99,9;20,2;6,3g;-;R
1717350;132794;99,9;20,2;6,3g;-;R
1717350;133096;99,9;20,3;6,3g;-;R
1717350;133396;99,9;20,3;6,4g;-;R
1717350;133693;99,9;20,4;6,4g;-;R
1717350;133987;99,9;20,4;6,4g;-;R
1717350;134291;99,9;20,2;6,3g;-;R
1717350;134601;95,2;22,5;7,0g;-;R
1717350;134906;99,9;24,8;7,8g;-;R
1717350;135214;99,9;27,4;8,6g;-;R
1717350;135529;95,0;29,4;9,2g;-;R
1717350;135828;99,9;26,1;8,2g;-;R
1717350;136132;99,9;25,3;7,9g;-;R
1717350;136434;99,9;24,1;7,5g;-;R
1717350;136732;99,9;24,1;7,5g;-;R
1717350;137036;99,9;24,1;7,5g;-;R
1717350;137338;99,9;24,1;7,5g;-;R
1717350;137642;95,2;24,1;7,5g;-;R
1717350;137946;99,9;24,1;7,5g;-;R
1717350;138259;99,9;24,1;7,5g;-;R
1717350;138560;99,9;24,1;7,5g;-;R
1717350;138856;99,9;24,1;7,5g;-;R
1717350;139158;99,9;23,9;7,5g;-;R
1717350;139462;99,9;23,5;7,4g;-;R
1717350;139768;99,9;25,1;7,9g;-;R
1717350;140068;99,9;27,5;8,6g;-;R
1717350;140373;95,2;30,0;9,4g;-;R
1717350;140678;99,9;32,7;10,2g;-;R
1717350;140986;99,9;30,4;9,5g;-;R
1717350;141290;95,2;26,3;8,2g;-;R
1717350;141595;99,9;24,2;7,6g;-;R
1717350;141905;99,9;26,6;8,3g;-;R
1717350;142211;99,9;28,6;9,0g;-;R
1717350;142520;99,9;22,0;6,9g;-;R
1717350;142828;99,9;22,4;7,0g;-;R
1717350;143139;99,9;22,0;6,9g;-;R
1717350;143449;99,9;22,4;7,0g;-;R
1717350;143749;99,9;22,4;7,0g;-;R
1717350;144054;99,9;22,4;7,0g;-;R
1717350;144353;99,9;22,4;7,0g;-;R
1717350;144656;99,9;22,4;7,0g;-;R
1717350;144953;99,9;22,4;7,0g;-;R
1717350;145265;99,9;22,4;7,0g;-;R
1717350;145569;99,9;22,7;7,1g;-;R
1717350;145862;99,9;22,7;7,1g;-;R
1717350;146166;99,9;22,7;7,1g;-;R
1717350;146466;99,9;22,7;7,1g;-;R
1717350;146766;99,9;22,7;7,1g;-;R
1717350;147069;99,9;22,7;7,1g;-;R
1717350;147371;95,2;22,9;7,2g;-;R
1717350;147675;99,9;23,0;7,2g;-;R
1717350;147977;99,9;23,0;7,2g;-;R
1717350;148278;99,9;23,0;7,2g;-;R
1717350;148576;99,9;23,0;7,2g;-;R
1717350;148873;99,9;23,0;7,2g;-;R
1717350;149172;95,2;23,0;7,2g;-;R
1717350;149479;99,9;23,3;7,3g;-;R
1717350;149779;99,9;23,3;7,3g;-;R
1717350;150082;99,9;23,3;7,3g;-;R
1717350;150388;99,9;23,3;7,3g;-;R
1717350;150693;95,2;23,3;7,3g;-;R
1717350;150991;95,2;23,3;7,3g;-;R
1717350;151295;99,9;23,3;7,3g;-;R
1717350;151591;95,2;23,6;7,4g;-;R
1717350;151893;99,9;23,6;7,4g;-;R
1717350;152192;99,9;23,6;7,4g;-;R
1717350;152507;99,9;23,6;7,4g;-;R
1717350;152803;99,9;23,6;7,4g;-;R
1717350;153103;99,9;23,6;7,4g;-;R
1717350;153399;99,9;23,6;7,4g;-;R
1717350;153705;99,9;23,9;7,5g;-;R
1717350;154004;99,9;23,9;7,5g;-;R
1717350;154303;99,9;23,9;7,5g;-;R
1717350;154609;95,2;23,9;7,5g;-;R
1717350;154915;99,9;23,9;7,5g;-;R
1717350;155224;99,9;23,9;7,5g;-;R
1717350;155525;99,9;24,2;7,6g;-;R
1717350;155831;99,9;24,2;7,6g;-;R
1717350;156132;99,9;24,2;7,6g;-;R
1717350;156434;99,9;24,2;7,6g;-;R
1717350;156734;99,9;24,2;7,6g;-;R
1717350;157031;99,9;24,2;7,6g;-;R
1717350;157329;95,2;24,2;7,6g;-;R
1717350;157635;99,9;24,5;7,7g;-;R
1717350;157934;99,9;24,5;7,7g;-;R
1717350;158231;99,9;24,5;7,7g;-;R
1717350;158527;99,9;24,5;7,7g;-;R
1717350;158823;95,2;24,5;7,7g;-;R
1717350;159125;99,9;24,5;7,7g;-;R
1717350;159427;99,9;24,5;7,7g;-;R
1717350;159733;95,2;24,8;7,8g;-;R
1717350;160037;99,9;24,8;7,8g;-;R
1717350;160342;99,9;24,8;7,8g;-;R
1717350;160639;99,9;24,8;7,8g;-;R
1717350;160944;99,9;24,8;7,8g;-;R
1717350;161251;99,9;24,9;7,8g;-;R
1717350;161560;95,2;27,0;8,4g;-;R
1717350;161867;95,2;29,1;9,1g;-;R
1717350;162179;99,9;31,2;9,8g;-;R
1717350;162481;95,2;28,6;8,9g;-;R
1717350;162791;95,2;29,8;9,3g;-;R
1717350;163100;99,9;31,9;10,0g;-;R
1717350;163406;99,9;34,6;10,8g;-;R
1717350;163713;99,9;36,9;11,5g;-;R
1717350;164017;99,9;35,0;11,0g;-;R
1717350;164321;95,2;37,5;11,7g;-;R
1717350;164628;99,9;36,1;11,3g;-;R
1717350;164930;95,2;31,9;10,0g;-;R
1717350;165236;99,9;31,5;9,9g;-;R
1717350;165539;99,9;34,1;10,7g;-;R
1717350;165838;99,9;36,8;11,5g;-;R
1717350;166134;99,9;39,7;12,4g;-;R
1717350;166439;99,9;42,8;13,4g;-;R
1717350;166745;99,9;44,3;13,9g;-;R
1717350;167047;99,9;39,4;12,3g;-;R
1717350;167350;90,5;42,2;13,2g;-;R
1717350;167653;99,9;45,2;14,1g;-;R
1717350;167960;99,9;45,6;14,3g;-;R
1717350;168261;95,2;39,0;12,2g;-;R
1717350;168570;95,2;42,1;13,2g;-;R
1717350;168874;99,9;45,2;14,2g;-;R
1717350;169182;99,9;48,4;15,2g;-;R
1717350;169493;95,2;47,8;15,0g;-;R
1717350;169805;95,0;42,1;13,2g;-;R
1717350;170106;99,9;42,7;13,4g;-;R
1717350;170411;99,9;43,0;13,5g;-;R
1717350;170722;99,9;43,3;13,5g;-;R
1717350;171023;95,2;42,7;13,4g;-;R
1717350;171334;95,0;38,3;12,0g;-;R
1717350;171639;95,2;31,6;9,9g;-;R
1717350;171945;99,9;31,8;10,0g;-;R
1717350;172249;99,9;32,2;10,1g;-;R
1717350;172555;99,9;32,0;10,0g;-;R
1717350;172858;99,9;32,1;10,1g;-;R
1717350;173161;95,2;32,4;10,1g;-;R
1717350;173462;95,2;32,4;10,1g;-;R
1717350;173771;99,9;32,4;10,1g;-;R
1717350;174072;99,9;32,4;10,1g;-;R
1717350;174377;99,9;33,4;10,5g;-;R
1717350;174681;95,2;33,2;10,4g;-;R
1717350;174983;95,2;33,2;10,4g;-;R
1717350;175287;99,9;34,4;10,8g;-;R
1717350;175596;99,9;34,4;10,8g;-;R
1717350;175903;99,9;34,4;10,8g;-;R
1717350;176206;99,9;34,4;10,8g;-;R
1717350;176510;95,2;32,8;10,3g;-;R
1717350;176815;99,9;32,8;10,3g;-;R
1717350;177117;99,9;32,8;10,3g;-;R
1717350;177418;99,9;32,9;10,3g;-;R
1717350;177722;95,2;32,9;10,3g;-;R
1717350;178024;99,9;33,0;10,3g;-;R
1717350;178328;99,9;32,0;10,0g;-;R
1717350;178640;99,9;30,8;9,6g;-;R
1717350;178949;99,9;30,2;9,5g;-;R
1717350;179256;99,9;30,2;9,5g;-;R
1717350;179563;99,9;30,2;9,5g;-;R
1717350;179866;99,9;30,2;9,5g;-;R
1717350;180162;95,2;30,3;9,5g;-;R
1717350;180464;95,2;30,3;9,5g;-;R
1717350;180780;95,2;30,4;9,5g;-;R
1717350;181084;99,9;30,4;9,5g;-;R
1717350;181392;99,9;31,3;9,8g;-;R
1717350;181694;99,9;31,2;9,8g;-;R
1717350;181994;99,9;31,2;9,8g;-;R
1717350;182292;95,2;31,2;9,8g;-;R
1717350;182593;99,9;31,2;9,8g;-;R
1717350;182897;99,9;31,2;9,8g;-;R
1717350;183200;99,9;31,2;9,8g;-;R
1717350;183498;99,9;31,2;9,8g;-;R
1717350;183802;95,2;31,2;9,8g;-;R
1717350;184107;99,9;31,8;10,0g;-;R
1717350;184411;95,2;31,8;10,0g;-;R
1717350;184719;99,9;31,9;10,0g;-;R
1717350;185022;99,9;31,7;9,9g;-;R
1717350;185326;99,9;31,6;9,9g;-;R
1717350;185627;99,9;32,1;10,0g;-;R
1717350;185927;99,9;32,1;10,1g;-;R
1717350;186235;99,9;32,2;10,1g;-;R
1717350;186537;99,9;31,8;10,0g;-;R
1717350;186839;95,0;32,4;10,1g;-;R
1717350;187139;99,9;32,4;10,1g;-;R
1717350;187439;99,9;32,4;10,2g;-;R
1717350;187742;90,5;32,3;10,1g;-;R
1717350;188041;90,5;32,1;10,1g;-;R
1717350;188347;95,0;32,6;10,2g;-;R
1717350;188646;99,9;32,7;10,2g;-;R
1717350;188953;99,9;31,8;9,9g;-;R
1717350;189260;99,9;31,8;9,9g;-;R
1717350;189560;99,9;31,8;9,9g;-;R
1717350;189859;99,9;31,8;9,9g;-;R
1717350;190159;99,9;31,8;9,9g;-;R
1717350;190457;99,9;31,8;9,9g;-;R
1717350;190762;95,2;31,8;9,9g;-;R
1717350;191062;99,9;31,8;9,9g;-;R
1717350;191368;99,9;32,1;10,0g;-;R
1717350;191668;99,9;31,5;9,9g;-;R
1717350;191972;95,2;31,8;10,0g;-;R
1717350;192279;99,9;31,2;9,8g;-;R
1717350;192579;99,9;31,2;9,8g;-;R
1717350;192879;99,9;31,6;9,9g;-;R
1717350;193184;99,9;33,1;10,4g;-;R
1717350;193484;99,9;34,7;10,9g;-;R
1717350;193791;99,9;36,3;11,4g;-;R
1717350;194095;99,9;37,9;11,9g;-;R
1717350;194410;99,9;38,4;12,0g;-;R
1717350;194715;99,9;39,4;12,3g;-;R
1717350;195017;95,0;32,7;10,2g;-;R
1717350;195318;99,9;32,7;10,2g;-;R
1717350;195615;99,9;32,9;10,3g;-;R
1717350;195916;99,9;33,3;10,4g;-;R
1717350;196233;99,9;33,7;10,5g;-;R
1717350;196530;99,9;34,7;10,9g;-;R
1717350;196838;99,9;35,9;11,2g;-;R
1717350;197148;99,9;34,7;10,9g;-;R
1717350;197446;99,9;35,1;11,0g;-;R
1717350;197752;95,2;35,2;11,0g;-;R
1717350;198059;95,0;35,1;11,0g;-;R
1717350;198366;99,9;35,3;11,1g;-;R
1717350;198670;99,9;35,2;11,0g;-;R
1717350;198974;95,0;35,9;11,2g;-;R
1717350;199277;99,9;35,0;11,0g;-;R
1717350;199592;99,9;33,3;10,4g;-;R
1717350;199898;99,9;33,3;10,4g;-;R
1717350;200201;95,2;33,3;10,4g;-;R
1717350;200504;99,9;33,3;10,4g;-;R
1717350;200803;99,9;33,3;10,4g;-;R
1717350;201113;99,9;33,3;10,4g;-;R
1717350;201419;99,9;33,3;10,4g;-;R
1717350;201721;95,2;32,9;10,3g;-;R
1717350;202025;99,9;28,3;8,9g;-;R
1717350;202336;99,9;26,3;8,2g;-;R
1717350;202636;99,9;26,3;8,2g;-;R
1717350;202934;99,9;26,3;8,2g;-;R
1717350;203240;99,9;26,4;8,3g;-;R
1717350;203545;99,9;26,5;8,3g;-;R
1717350;203844;99,9;26,5;8,3g;-;R
1717350;204152;95,2;26,6;8,3g;-;R
1717350;204453;99,9;26,7;8,3g;-;R
1717350;204757;99,9;26,7;8,4g;-;R
1717350;205056;99,9;26,8;8,4g;-;R
1717350;205360;99,9;26,9;8,4g;-;R
1717350;205659;99,9;26,9;8,4g;-;R
1717350;205958;99,9;27,0;8,4g;-;R
1717350;206263;99,9;27,0;8,5g;-;R
1717350;206567;99,9;27,1;8,5g;-;R
1717350;206873;99,9;27,6;8,6g;-;R
1717350;207180;95,2;28,2;8,8g;-;R
1717350;207486;99,9;28,2;8,8g;-;R
1717350;207785;99,9;28,2;8,8g;-;R
1717350;208089;99,9;28,2;8,8g;-;R
1717350;208388;99,9;28,2;8,8g;-;R
1717350;208688;99,9;28,2;8,8g;-;R
1717350;208987;99,9;28,2;8,8g;-;R
1717350;209287;99,9;28,2;8,8g;-;R
1717350;209588;95,2;28,2;8,8g;-;R
1717350;209892;95,2;28,2;8,8g;-;R
1717350;210194;99,9;28,2;8,8g;-;R
1717350;210494;99,9;28,2;8,8g;-;R
1717350;210790;95,0;29,3;9,2g;-;R
1717350;211093;99,9;29,4;9,2g;-;R
1717350;211392;99,9;29,4;9,2g;-;R
1717350;211691;99,9;29,5;9,2g;-;R
1717350;211994;99,9;29,5;9,2g;-;R
1717350;212299;99,9;28,7;9,0g;-;R
1717350;212600;95,2;29,6;9,3g;-;R
1717350;212904;99,9;28,8;9,0g;-;R
1717350;213215;99,9;29,7;9,3g;-;R
1717350;213512;90,5;29,1;9,1g;-;R
1717350;213816;99,9;29,8;9,3g;-;R
1717350;214116;99,9;29,5;9,2g;-;R
1717350;214420;99,9;30,0;9,4g;-;R
1717350;214721;95,0;29,9;9,4g;-;R
1717350;215025;99,9;30,1;9,4g;-;R
1717350;215327;95,0;30,2;9,4g;-;R
1717350;215633;99,9;30,3;9,5g;-;R
1717350;215934;99,9;30,3;9,5g;-;R
1717350;216240;99,9;30,4;9,5g;-;R
1717350;216540;95,2;30,4;9,5g;-;R
1717350;216843;99,9;29,6;9,3g;-;R
1717350;217145;95,0;30,5;9,6g;-;R
1717350;217447;99,9;29,8;9,3g;-;R
1717350;217750;99,9;30,6;9,6g;-;R
1717350;218044;99,9;28,4;8,9g;-;R
1717350;218343;99,9;30,1;9,4g;-;R
1717350;218647;99,9;29,1;9,1g;-;R
1717350;218949;99,9;29,1;9,1g;-;R
1717350;219251;99,9;29,1;9,1g;-;R
1717350;219551;99,9;29,1;9,1g;-;R
1717350;219851;95,2;29,1;9,1g;-;R
1717350;220149;99,9;29,1;9,1g;-;R
1717350;220452;99,9;29,1;9,1g;-;R
1717350;220748;99,9;29,1;9,1g;-;R
1717350;221041;99,9;29,1;9,1g;-;R
1717350;221338;99,9;29,1;9,1g;-;R
1717350;221635;99,9;29,1;9,1g;-;R
1717350;221935;99,9;30,1;9,4g;-;R
1717350;222234;99,9;28,8;9,0g;-;R
1717350;222540;99,9;29,1;9,1g;-;R
1717350;222841;95,0;29,5;9,2g;-;R
1717350;223140;95,0;28,2;8,8g;-;R
1717350;223439;99,9;28,2;8,8g;-;R
1717350;223745;99,9;29,2;9,1g;-;R
1717350;224048;99,9;30,7;9,6g;-;R
1717350;224349;99,9;32,3;10,1g;-;R
1717350;224651;95,2;33,9;10,6g;-;R
1717350;224961;99,9;35,4;11,1g;-;R
1717350;225267;99,9;35,4;11,1g;-;R
1717350;225578;99,9;28,5;8,9g;-;R
1717350;225879;99,9;28,5;8,9g;-;R
1717350;226178;99,9;28,6;9,0g;-;R
1717350;226480;95,2;29,0;9,1g;-;R
1717350;226785;99,9;29,3;9,2g;-;R
1717350;227097;95,2;29,9;9,4g;-;R
1717350;227407;95,2;29,9;9,4g;-;R
1717350;227714;99,9;28,8;9,0g;-;R
1717350;228022;95,2;28,8;9,0g;-;R
1717350;228323;99,9;28,9;9,1g;-;R
1717350;228638;99,9;29,0;9,1g;-;R
1717350;228941;99,9;29,5;9,2g;-;R
1717350;229253;99,9;28,2;8,8g;-;R
1717350;229567;99,9;28,5;8,9g;-;R
1717350;229875;99,9;28,7;9,0g;-;R
1717350;230176;99,9;28,5;8,9g;-;R
1717350;230480;99,9;28,9;9,1g;-;R
1717350;230784;99,9;29,0;9,1g;-;R
1717350;231089;99,9;29,5;9,2g;-;R
1717350;231393;99,9;28,8;9,0g;-;R
1717350;231701;99,9;29,7;9,3g;-;R
1717350;232007;99,9;29,1;9,1g;-;R
1717350;232316;95,0;28,5;8,9g;-;R
1717350;232620;99,9;27,6;8,6g;-;R
1717350;232923;99,9;26,4;8,3g;-;R
1717350;233231;99,9;26,4;8,3g;-;R
1717350;233532;95,2;26,4;8,3g;-;R
1717350;233840;99,9;26,4;8,3g;-;R
1717350;234156;99,9;26,4;8,3g;-;R
1717350;234458;99,9;26,4;8,3g;-;R
1717350;234759;99,9;26,4;8,3g;-;R
1717350;235067;99,9;26,4;8,3g;-;R
1717350;235376;99,9;24,6;7,7g;-;R
1717350;235675;99,9;24,6;7,7g;-;R
1717350;235975;99,9;24,6;7,7g;-;R
1717350;236275;99,9;24,6;7,7g;-;R
1717350;236576;99,9;24,7;7,7g;-;R
1717350;236880;99,9;24,8;7,8g;-;R
1717350;237182;95,2;24,8;7,8g;-;R
1717350;237486;99,9;24,9;7,8g;-;R
1717350;237787;99,9;25,0;7,8g;-;R
1717350;238091;99,9;25,0;7,8g;-;R
1717350;238397;99,9;25,1;7,9g;-;R
1717350;238700;99,9;25,2;7,9g;-;R
1717350;239001;99,9;25,2;7,9g;-;R
1717350;239312;99,9;25,3;7,9g;-;R
1717350;239610;95,2;25,3;7,9g;-;R
1717350;239918;99,9;25,8;8,1g;-;R
1717350;240222;95,2;26,4;8,3g;-;R
1717350;240532;95,2;26,4;8,3g;-;R
1717350;240835;99,9;26,4;8,3g;-;R
1717350;241149;95,2;26,4;8,3g;-;R
1717350;241453;99,9;26,4;8,3g;-;R
1717350;241753;95,2;26,4;8,3g;-;R
1717350;242058;99,9;26,4;8,3g;-;R
1717350;242357;99,9;26,4;8,3g;-;R
1717350;242672;95,5;26,4;8,3g;-;R
1717350;242985;99,9;26,4;8,3g;-;R
1717350;243286;99,9;26,4;8,3g;-;R
1717350;243592;95,2;26,4;8,3g;-;R
1717350;243895;99,9;27,4;8,6g;-;R
1717350;244202;99,9;27,6;8,7g;-;R
1717350;244509;99,9;27,6;8,6g;-;R
1717350;244809;95,2;27,7;8,7g;-;R
1717350;245112;95,2;27,7;8,7g;-;R
1717350;245417;99,9;27,8;8,7g;-;R
1717350;245722;99,9;27,8;8,7g;-;R
1717350;246023;95,2;27,9;8,7g;-;R
1717350;246329;99,9;28,0;8,8g;-;R
1717350;246631;95,2;27,1;8,5g;-;R
1717350;246932;99,9;28,1;8,8g;-;R
1717350;247236;99,9;27,3;8,5g;-;R
1717350;247544;99,9;28,2;8,8g;-;R
1717350;247849;99,9;27,6;8,6g;-;R
1717350;248146;99,9;28,4;8,9g;-;R
1717350;248451;99,9;27,9;8,7g;-;R
1717350;248753;95,0;28,5;8,9g;-;R
1717350;249052;99,9;28,2;8,8g;-;R
1717350;249364;99,9;28,6;9,0g;-;R
1717350;249668;99,9;28,4;8,9g;-;R
1717350;249976;99,9;28,8;9,0g;-;R
1717350;250282;95,2;28,7;9,0g;-;R
1717350;250589;99,9;28,9;9,1g;-;R
1717350;250887;99,9;28,9;9,0g;-;R
1717350;251194;95,0;29,0;9,1g;-;R
1717350;251500;90,5;28,2;8,8g;-;R
1717350;251807;99,9;28,6;9,0g;-;R
1717350;252106;99,9;27,2;8,5g;-;R
1717350;252411;95,2;27,3;8,6g;-;R
1717350;252717;99,9;27,4;8,6g;-;R
1717350;253023;95,2;27,4;8,6g;-;R
1717350;253327;95,2;27,4;8,6g;-;R
1717350;253629;99,9;27,4;8,6g;-;R
1717350;253930;95,2;27,4;8,6g;-;R
1717350;254236;99,9;27,4;8,6g;-;R
1717350;254541;99,9;27,4;8,6g;-;R
1717350;254853;99,9;25,9;8,1g;-;R
1717350;255156;99,9;18,6;5,8g;-;R
1717350;255455;99,9;18,6;5,8g;-;R
1717350;255753;99,9;18,6;5,8g;-;R
1717350;256051;99,9;18,7;5,8g;-;R
1717350;256353;99,9;18,7;5,9g;-;R
1717350;256660;95,0;18,8;5,9g;-;R
1717350;256960;99,9;18,8;5,9g;-;R
1717350;257256;99,9;18,9;5,9g;-;R
1717350;257560;99,9;19,0;5,9g;-;R
1717350;257868;95,0;19,0;6,0g;-;R
1717350;258164;99,9;19,1;6,0g;-;R
1717350;258463;99,9;19,2;6,0g;-;R
1717350;258760;99,9;19,2;6,0g;-;R
1717350;259062;99,9;19,3;6,0g;-;R
1717350;259361;99,9;19,4;6,1g;-;R
1717350;259663;99,9;19,8;6,2g;-;R
1717350;259965;99,9;20,4;6,4g;-;R
1717350;260264;99,9;20,4;6,4g;-;R
1717350;260566;99,9;20,4;6,4g;-;R
1717350;260873;99,9;20,4;6,4g;-;R
1717350;261172;95,2;20,4;6,4g;-;R
1717350;261472;99,9;20,4;6,4g;-;R
1717350;261777;99,9;20,4;6,4g;-;R
1717350;262076;99,9;20,4;6,4g;-;R
1717350;262378;99,9;20,4;6,4g;-;R
1717350;262674;99,9;20,4;6,4g;-;R
1717350;262978;99,9;20,4;6,4g;-;R
1717350;263277;99,9;20,4;6,4g;-;R
1717350;263577;99,9;21,5;6,7g;-;R
1717350;263884;99,9;20,7;6,5g;-;R
1717350;264190;99,9;21,7;6,8g;-;R
1717350;264489;99,9;20,8;6,5g;-;R
1717350;264789;99,9;21,8;6,8g;-;R
1717350;265092;90,5;21,0;6,6g;-;R
1717350;265397;95,0;21,9;6,9g;-;R
1717350;265699;99,9;21,2;6,7g;-;R
1717350;266003;99,9;22,0;6,9g;-;R
1717350;266311;99,9;21,6;6,8g;-;R
1717350;266621;95,2;22,2;6,9g;-;R
1717350;266923;95,2;22,1;6,9g;-;R
1717350;267242;99,9;22,4;7,0g;-;R
1717350;267541;95,2;22,3;7,0g;-;R
1717350;267845;99,9;22,4;7,0g;-;R
1717350;268146;99,9;22,4;7,0g;-;R
1717350;268448;95,0;22,5;7,0g;-;R
1717350;268748;99,9;22,6;7,1g;-;R
1717350;269058;99,9;22,1;6,9g;-;R
1717350;269365;99,9;22,7;7,1g;-;R
1717350;269665;99,9;21,9;6,8g;-;R
1717350;269970;95,2;22,8;7,1g;-;R
1717350;270273;99,9;22,2;6,9g;-;R
1717350;270581;95,2;23,0;7,2g;-;R
1717350;270889;99,9;20,7;6,5g;-;R
1717350;271192;95,0;22,3;7,0g;-;R
1717350;271497;99,9;21,4;6,7g;-;R
1717350;271801;95,2;21,4;6,7g;-;R
1717350;272109;99,9;21,4;6,7g;-;R
1717350;272412;95,2;21,4;6,7g;-;R
1717350;272713;99,9;21,4;6,7g;-;R
1717350;273003;99,9;21,4;6,7g;-;R
1717350;273302;95,2;21,4;6,7g;-;R
1717350;273597;99,9;21,4;6,7g;-;R
1717350;273904;99,9;21,4;6,7g;-;R
1717350;274200;99,9;21,4;6,7g;-;R
1717350;274498;99,9;21,4;6,7g;-;R
1717350;274795;95,0;22,3;7,0g;-;R
1717350;275094;99,9;21,1;6,6g;-;R
1717350;275397;99,9;21,4;6,7g;-;R
1717350;275701;99,9;21,7;6,8g;-;R
1717350;276005;99,9;20,4;6,4g;-;R
1717350;276310;99,9;20,4;6,4g;-;R
1717350;276614;99,9;21,5;6,7g;-;R
1717350;276913;95,2;23,0;7,2g;-;R
1717350;277211;95,2;24,5;7,7g;-;R
1717350;277516;99,9;26,0;8,2g;-;R
1717350;277819;95,0;27,7;8,7g;-;R
1717350;278119;99,9;28,2;8,8g;-;R
1717350;278420;99,9;29,7;9,3g;-;R
1717350;278717;99,9;23,0;7,2g;-;R
1717350;279019;99,9;23,0;7,2g;-;R
1717350;279317;99,9;23,2;7,3g;-;R
1717350;279620;99,9;23,6;7,4g;-;R
1717350;279923;99,9;24,0;7,5g;-;R
1717350;280220;99,9;25,0;7,8g;-;R
1717350;280518;99,9;26,2;8,2g;-;R
1717350;280827;95,2;25,8;8,1g;-;R
1717350;281134;99,9;25,8;8,1g;-;R
1717350;281437;99,9;25,8;8,1g;-;R
1717350;281735;99,9;25,9;8,1g;-;R
1717350;282037;95,0;26,1;8,2g;-;R
1717350;282336;99,9;25,2;7,9g;-;R
1717350;282641;95,2;25,5;8,0g;-;R
1717350;282945;99,9;25,7;8,0g;-;R
1717350;283248;99,9;25,7;8,0g;-;R
1717350;283556;99,9;25,8;8,1g;-;R
1717350;283855;99,9;26,6;8,3g;-;R
1717350;284156;99,9;25,7;8,0g;-;R
1717350;284458;99,9;26,8;8,4g;-;R
1717350;284767;99,9;25,8;8,1g;-;R
1717350;285081;99,9;25,1;7,9g;-;R
1717350;285389;99,9;23,0;7,2g;-;R
1717350;285696;99,9;23,0;7,2g;-;R
1717350;285995;99,9;23,0;7,2g;-;R
1717350;286295;99,9;23,0;7,2g;-;R
1717350;286605;99,9;23,0;7,2g;-;R
1717350;286911;99,9;23,0;7,2g;-;R
1717350;287213;99,9;23,0;7,2g;-;R
1717350;287521;95,2;23,1;7,2g;-;R
1717350;287825;99,9;23,1;7,2g;-;R
1717350;288131;95,2;23,1;7,2g;-;R
1717350;288436;99,9;23,2;7,3g;-;R
1717350;288737;99,9;23,2;7,3g;-;R
1717350;289038;99,9;23,3;7,3g;-;R
1717350;289343;99,9;23,4;7,3g;-;R
1717350;289646;99,9;23,4;7,3g;-;R
1717350;289952;99,9;23,5;7,4g;-;R
1717350;290253;99,9;23,6;7,4g;-;R
1717350;290561;99,9;23,6;7,4g;-;R
1717350;290871;95,2;23,7;7,4g;-;R
1717350;291172;99,9;23,7;7,4g;-;R
1717350;291475;99,9;23,8;7,5g;-;R
1717350;291781;99,9;23,9;7,5g;-;R
1717350;292089;99,9;24,8;7,8g;-;R
1717350;292401;95,2;25,0;7,8g;-;R
1717350;292701;95,2;25,0;7,8g;-;R
1717350;293005;99,9;25,0;7,8g;-;R
1717350;293316;99,9;25,0;7,8g;-;R
1717350;293619;99,9;25,0;7,8g;-;R
1717350;293930;95,2;25,0;7,8g;-;R
1717350;294232;99,9;25,0;7,8g;-;R
1717350;294540;99,9;25,0;7,8g;-;R
1717350;294844;99,9;25,0;7,8g;-;R
1717350;295148;99,9;25,0;7,8g;-;R
1717350;295450;95,2;25,0;7,8g;-;R
1717350;295751;99,9;25,2;7,9g;-;R
1717350;296051;99,9;26,0;8,1g;-;R
1717350;296364;99,9;25,6;8,0g;-;R
1717350;296670;95,2;26,1;8,2g;-;R
1717350;296976;95,0;26,0;8,1g;-;R
1717350;297279;99,9;26,3;8,2g;-;R
1717350;297592;99,9;26,4;8,3g;-;R
1717350;297896;95,0;26,4;8,3g;-;R
1717350;298201;95,2;26,5;8,3g;-;R
1717350;298504;99,9;26,6;8,3g;-;R
1717350;298806;99,9;26,6;8,3g;-;R
1717350;299118;99,9;26,7;8,4g;-;R
1717350;299418;99,9;26,7;8,4g;-;R
1717350;299720;99,9;25,9;8,1g;-;R
1717350;300020;99,9;26,8;8,4g;-;R
1717350;300324;99,9;26,1;8,2g;-;R
1717350;300632;95,2;26,9;8,4g;-;R
1717350;300938;95,2;26,5;8,3g;-;R
1717350;301249;99,9;27,0;8,5g;-;R
1717350;301548;99,9;26,8;8,4g;-;R
1717350;301853;95,2;27,2;8,5g;-;R
1717350;302159;99,9;27,1;8,5g;-;R
1717350;302460;99,9;27,3;8,6g;-;R
1717350;302759;99,9;27,4;8,6g;-;R
1717350;303064;99,9;27,5;8,6g;-;R
1717350;303364;99,9;26,0;8,1g;-;R
1717350;303665;99,9;25,0;7,8g;-;R
1717350;303971;99,9;25,9;8,1g;-;R
1717350;304272;95,2;25,9;8,1g;-;R
1717350;304572;95,2;25,9;8,1g;-;R
1717350;304872;99,9;25,9;8,1g;-;R
1717350;305175;99,9;25,9;8,1g;-;R
1717350;305478;99,9;25,9;8,1g;-;R
1717350;305778;99,9;25,9;8,1g;-;R
1717350;306080;99,9;25,9;8,1g;-;R
1717350;306382;95,2;25,9;8,1g;-;R
1717350;306683;99,9;25,9;8,1g;-;R
1717350;306978;99,9;26,3;8,2g;-;R
1717350;307282;99,9;25,2;7,9g;-;R
1717350;307585;99,9;25,6;8,0g;-;R
1717350;307890;99,9;25,9;8,1g;-;R
1717350;308192;95,2;25,0;7,8g;-;R
1717350;308494;99,9;25,0;7,8g;-;R
1717350;308794;99,9;25,1;7,9g;-;R
1717350;309097;99,9;26,6;8,3g;-;R
1717350;309393;95,0;28,2;8,8g;-;R
1717350;309695;99,9;29,7;9,3g;-;R
1717350;309999;99,9;31,3;9,8g;-;R
1717350;310298;99,9;32,2;10,1g;-;R
1717350;310595;99,9;32,2;10,1g;-;R
1717350;310893;99,9;25,3;7,9g;-;R
1717350;311198;99,9;25,3;7,9g;-;R
1717350;311496;95,0;25,5;8,0g;-;R
1717350;311796;99,9;25,8;8,1g;-;R
1717350;312094;99,9;26,2;8,2g;-;R
1717350;312395;99,9;26,7;8,3g;-;R
1717350;312697;99,9;27,3;8,6g;-;R
1717350;313001;99,9;26,6;8,3g;-;R
1717350;313308;99,9;26,6;8,3g;-;R
1717350;313610;99,9;26,7;8,4g;-;R
1717350;313912;99,9;26,8;8,4g;-;R
1717350;314214;99,9;27,1;8,5g;-;R
1717350;314528;99,9;26,0;8,2g;-;R
1717350;314826;99,9;26,4;8,3g;-;R
1717350;315126;99,9;26,6;8,3g;-;R
1717350;315419;99,9;26,5;8,3g;-;R
1717350;315719;99,9;26,6;8,3g;-;R
1717350;316017;99,9;27,0;8,4g;-;R
1717350;316317;99,9;26,4;8,3g;-;R
1717350;316626;99,9;27,4;8,6g;-;R
1717350;316933;95,2;26,9;8,4g;-;R
1717350;317236;99,9;26,3;8,2g;-;R
1717350;317551;95,2;24,1;7,6g;-;R
1717350;317857;99,9;24,1;7,6g;-;R
1717350;318161;99,9;24,1;7,6g;-;R
1717350;318461;99,9;24,1;7,6g;-;R
1717350;318763;99,9;24,1;7,6g;-;R
1717350;319065;99,9;24,1;7,6g;-;R
1717350;319369;99,9;24,1;7,6g;-;R
1717350;319674;99,9;24,1;7,5g;-;R
1717350;319975;99,9;24,1;7,5g;-;R
1717350;320277;99,9;24,1;7,5g;-;R
1717350;320581;99,9;24,2;7,6g;-;R
1717350;320882;99,9;24,2;7,6g;-;R
1717350;321185;99,9;24,3;7,6g;-;R
1717350;321484;99,9;24,4;7,6g;-;R
1717350;321780;99,9;24,4;7,6g;-;R
1717350;322077;99,9;24,5;7,7g;-;R
1717350;322376;99,9;24,6;7,7g;-;R
1717350;322676;99,9;24,6;7,7g;-;R
1717350;322977;99,9;24,7;7,7g;-;R
1717350;323273;99,9;24,7;7,7g;-;R
1717350;323573;99,9;24,7;7,7g;-;R
1717350;323876;99,9;24,7;7,7g;-;R
1717350;324182;95,2;24,6;7,7g;-;R
1717350;324486;99,9;24,6;7,7g;-;R
1717350;324787;90,5;24,6;7,7g;-;R
1717350;325096;99,9;24,6;7,7g;-;R
1717350;325408;99,9;25,3;7,9g;-;R
1717350;325708;95,2;25,3;7,9g;-;R
1717350;326014;99,9;26,0;8,1g;-;R
1717350;326316;99,9;26,0;8,1g;-;R
1717350;326616;99,9;26,0;8,1g;-;R
1717350;326912;90,5;26,0;8,1g;-;R
1717350;327209;99,9;26,0;8,1g;-;R
1717350;327530;95,2;26,0;8,1g;-;R
1717350;327835;99,9;26,0;8,1g;-;R
1717350;328143;99,9;26,0;8,1g;-;R
1717350;328447;99,9;26,0;8,1g;-;R
1717350;328747;99,9;26,0;8,1g;-;R
1717350;329044;99,9;26,0;8,1g;-;R
1717350;329348;99,9;26,9;8,4g;-;R
1717350;329651;95,2;26,9;8,4g;-;R
1717350;329957;99,9;26,9;8,4g;-;R
1717350;330261;95,5;27,0;8,4g;-;R
1717350;330581;99,9;27,0;8,4g;-;R
1717350;330880;95,2;26,9;8,4g;-;R
1717350;331186;99,9;27,1;8,5g;-;R
1717350;331492;95,2;26,3;8,2g;-;R
1717350;331795;95,2;27,2;8,5g;-;R
1717350;332104;99,9;26,6;8,3g;-;R
1717350;332402;99,9;27,3;8,6g;-;R
1717350;332701;95,2;27,0;8,4g;-;R
1717350;333004;99,9;27,5;8,6g;-;R
1717350;333308;99,9;27,3;8,6g;-;R
1717350;333616;99,9;27,6;8,6g;-;R
1717350;333920;99,9;27,6;8,6g;-;R
1717350;334219;99,9;27,8;8,7g;-;R
1717350;334528;99,9;27,8;8,7g;-;R
1717350;334828;99,9;27,9;8,7g;-;R
1717350;335132;90,5;27,9;8,7g;-;R
1717350;335433;99,9;28,0;8,8g;-;R
1717350;335734;99,9;28,0;8,8g;-;R
1717350;336036;99,9;27,9;8,7g;-;R
1717350;336342;90,5;28,1;8,8g;-;R
1717350;336654;99,9;27,3;8,6g;-;R
1717350;336955;99,9;27,7;8,7g;-;R
1717350;337255;99,9;28,1;8,8g;-;R
1717350;337555;99,9;27,0;8,4g;-;R
1717350;337860;99,9;26,6;8,3g;-;R
1717350;338183;99,9;26,9;8,4g;-;R
1717350;338485;99,9;26,9;8,4g;-;R
1717350;338789;99,9;26,9;8,4g;-;R
1717350;339092;95,2;26,9;8,4g;-;R
1717350;339396;99,9;26,9;8,4g;-;R
1717350;339696;99,9;26,9;8,4g;-;R
1717350;339997;99,9;26,9;8,4g;-;R
1717350;340298;99,9;23,5;7,4g;-;R
1717350;340603;99,9;18,7;5,8g;-;R
1717350;340906;99,9;18,7;5,8g;-;R
1717350;341211;99,9;18,7;5,8g;-;R
1717350;341508;99,9;18,7;5,8g;-;R
1717350;341802;95,2;18,7;5,8g;-;R
1717350;342099;99,9;18,7;5,8g;-;R
1717350;342398;95,0;18,7;5,8g;-;R
1717350;342700;99,9;18,7;5,8g;-;R
1717350;342996;99,9;18,7;5,8g;-;R
1717350;343295;99,9;18,7;5,8g;-;R
1717350;343593;99,9;18,7;5,9g;-;R
1717350;343893;99,9;18,8;5,9g;-;R
1717350;344195;95,0;18,8;5,9g;-;R
1717350;344500;95,0;18,9;5,9g;-;R
1717350;344796;99,9;19,6;6,1g;-;R
1717350;345092;95,2;19,9;6,2g;-;R
1717350;345393;95,2;19,9;6,2g;-;R
1717350;345689;99,9;19,9;6,2g;-;R
1717350;345988;99,9;19,9;6,2g;-;R
1717350;346288;99,9;19,9;6,2g;-;R
1717350;346585;99,9;19,9;6,2g;-;R
1717350;346887;99,9;19,9;6,2g;-;R
1717350;347188;99,9;20,3;6,4g;-;R
1717350;347490;99,9;20,1;6,3g;-;R
1717350;347793;99,9;20,5;6,4g;-;R
1717350;348097;99,9;20,5;6,4g;-;R
1717350;348395;99,9;20,5;6,4g;-;R
1717350;348700;95,2;20,3;6,4g;-;R
1717350;349006;99,9;20,0;6,3g;-;R
1717350;349312;99,9;20,6;6,5g;-;R
1717350;349611;95,2;20,7;6,5g;-;R
1717350;349916;99,9;20,7;6,5g;-;R
1717350;350218;99,9;20,3;6,3g;-;R
1717350;350524;99,9;20,9;6,5g;-;R
1717350;350827;99,9;20,9;6,5g;-;R
1717350;351133;99,9;21,0;6,6g;-;R
1717350;351434;99,9;20,8;6,5g;-;R
1717350;351728;99,9;20,5;6,4g;-;R
1717350;352035;99,9;21,2;6,6g;-;R
1717350;352339;99,9;21,1;6,6g;-;R
1717350;352632;99,9;20,5;6,4g;-;R
1717350;352930;99,9;20,5;6,4g;-;R
1717350;353232;99,9;20,5;6,4g;-;R
1717350;353539;99,9;20,5;6,4g;-;R
1717350;353840;99,9;20,5;6,4g;-;R
1717350;354138;99,9;20,5;6,4g;-;R
1717350;354439;95,0;20,5;6,4g;-;R
1717350;354737;95,0;21,2;6,6g;-;R
1717350;355041;95,2;20,2;6,3g;-;R
1717350;355355;99,9;20,6;6,4g;-;R
1717350;355656;99,9;19,9;6,2g;-;R
1717350;355957;99,9;19,9;6,2g;-;R
1717350;356264;99,9;21,4;6,7g;-;R
1717350;356566;95,2;23,0;7,2g;-;R
1717350;356874;95,0;24,5;7,7g;-;R
1717350;357176;99,9;26,1;8,2g;-;R
1717350;357476;99,9;27,0;8,4g;-;R
1717350;357781;99,9;28,6;8,9g;-;R
1717350;358087;95,2;27,1;8,5g;-;R
1717350;358398;99,9;23,0;7,2g;-;R
1717350;358703;99,9;23,0;7,2g;-;R
1717350;359001;95,2;23,4;7,3g;-;R
1717350;359304;99,9;23,7;7,4g;-;R
1717350;359601;99,9;24,1;7,5g;-;R
1717350;359905;99,9;25,5;8,0g;-;R
1717350;360214;99,9;26,7;8,4g;-;R
1717350;360516;95,2;25,3;7,9g;-;R
1717350;360829;95,2;25,6;8,0g;-;R
1717350;361140;95,2;25,8;8,1g;-;R
1717350;361444;99,9;25,9;8,1g;-;R
1717350;361747;99,9;26,1;8,2g;-;R
1717350;362051;99,9;26,1;8,2g;-;R
1717350;362360;99,9;25,8;8,1g;-;R
1717350;362666;99,9;25,0;7,8g;-;R
1717350;362971;95,2;23,8;7,4g;-;R
1717350;363267;99,9;23,8;7,4g;-;R
1717350;363566;99,9;23,8;7,4g;-;R
1717350;363867;99,9;23,8;7,4g;-;R
1717350;364182;95,2;23,8;7,4g;-;R
1717350;364485;99,9;23,8;7,4g;-;R
1717350;364796;99,9;19,5;6,1g;-;R
1717350;365097;99,9;19,5;6,1g;-;R
1717350;365405;99,9;19,2;6,0g;-;R
1717350;365705;99,9;19,2;6,0g;-;R
1717350;366004;99,9;19,2;6,0g;-;R
1717350;366305;99,9;19,2;6,0g;-;R
1717350;366603;95,2;19,2;6,0g;-;R
1717350;366903;99,9;19,2;6,0g;-;R
1717350;367205;95,0;19,2;6,0g;-;R
1717350;367507;99,9;19,2;6,0g;-;R
1717350;367818;99,9;19,2;6,0g;-;R
1717350;368120;95,2;19,2;6,0g;-;R
1717350;368422;99,9;19,2;6,0g;-;R
1717350;368725;99,9;19,2;6,0g;-;R
1717350;369036;99,9;19,2;6,0g;-;R
1717350;369338;99,9;19,2;6,0g;-;R
1717350;369640;95,2;19,2;6,0g;-;R
1717350;369945;99,9;19,2;6,0g;-;R
1717350;370244;99,9;19,2;6,0g;-;R
1717350;370555;99,9;19,2;6,0g;-;R
1717350;370863;99,9;19,2;6,0g;-;R
1717350;371172;90,5;19,2;6,0g;-;R
1717350;371478;99,9;19,2;6,0g;-;R
1717350;371787;95,0;19,2;6,0g;-;R
1717350;372084;99,9;19,2;6,0g;-;R
1717350;372388;99,9;19,2;6,0g;-;D
1717350;372685;99,9;19,2;6,0g;-;R
1717350;372991;95,2;19,2;6,0g;-;R
1717350;373296;95,0;19,2;6,0g;-;R
1717350;373610;99,9;19,2;6,0g;-;R
1717350;373913;90,5;19,2;6,0g;-;R
1717350;374216;90,0;19,2;6,0g;-;R
1717350;374525;99,9;19,2;6,0g;-;R
1717350;374823;42,9;19,2;6,0g;wait_on_p+;D
1717350;375125;10,0;19,2;6,0g;wait_on_p+;D
1717350;375430;5,0;19,2;6,0g;rq_qos_wa+;D
1717350;375761;4,8;19,2;6,0g;wait_on_p+;D
1717350;376067;5,0;19,2;6,0g;wait_on_p+;D
1717350;376373;4,8;19,2;6,0g;rq_qos_wa+;R
1717350;376676;5,0;19,2;6,0g;wait_on_p+;D
1717350;376985;5,0;19,2;6,0g;wait_on_p+;D
1717350;377289;0,0;19,2;6,0g;rq_qos_wa+;D
1717350;377594;0,0;19,2;6,0g;-;D
1717350;377899;5,0;19,2;6,0g;wait_on_p+;R
1717350;378206;4,8;19,2;6,0g;rq_qos_wa+;D
1717350;378513;5,0;19,2;6,0g;rq_qos_wa+;D
1717350;378819;5,0;19,2;6,0g;wait_on_p+;D
1717350;379121;4,8;19,2;6,0g;wait_on_p+;D
1717350;379425;5,0;19,2;6,0g;wait_on_p+;D
1717350;379735;0,0;19,2;6,0g;wait_on_p+;D
1717350;380064;5,0;19,2;6,0g;wait_on_p+;D
1717350;380375;10,0;19,2;6,0g;wait_on_p+;D
1717350;380677;0,0;19,2;6,0g;-;D
1717350;380977;5,0;19,2;6,0g;wait_on_p+;D
1717350;381274;5,0;19,2;6,0g;wait_on_p+;D
1717350;381575;10,0;19,2;6,0g;-;R
1717350;381889;99,9;19,2;6,0g;-;R
1717350;382190;90,5;19,2;6,0g;-;R
1717350;382492;99,9;19,2;6,0g;-;R
1717350;382791;99,9;19,2;6,0g;-;R
1717350;383094;95,0;7,2;2,3g;-;R
;383403;;;;;
